description,content,name
"November 25, 2024",,
Ligency Team,,
4 mins read,,
"August 16, 2024",,
"August 16, 2024",,
"April 18, 2024",,
"March 30, 2024",,
"February 29, 2024",,
"November 25, 2024",,
Ligency Team,,
4 mins read,,
"August 16, 2024",,
"August 16, 2024",,
"April 18, 2024",,
"March 30, 2024",,
"February 29, 2024",,
"November 25, 2024",,
Ligency Team,,
4 mins read,,
"August 16, 2024",,
"August 16, 2024",,
"April 18, 2024",,
"March 30, 2024",,
"February 29, 2024",,
"November 25, 2024",,
Ligency Team,,
4 mins read,,
"August 16, 2024",,
"August 16, 2024",,
"April 18, 2024",,
"March 30, 2024",,
"February 29, 2024",,
"November 25, 2024",,
Ligency Team,,
4 mins read,,
"August 16, 2024",,
"August 16, 2024",,
"April 18, 2024",,
"March 30, 2024",,
"February 29, 2024",,
