Date;Open;High;Low;Close;Adj Close;Volume
26/10/2015;8.050.000;8.130.000;7.800.000;7.850.000;7.282.466;35069500
27/10/2015;7.860.000;7.860.000;7.550.000;7.600.000;7.050.539;44085700
28/10/2015;7.870.000;7.950.000;7.860.000;7.950.000;7.375.236;4630900
29/10/2015;7.570.000;7.930.000;7.570.000;7.610.000;7.059.817;41336300
30/10/2015;7.600.000;7.780.000;7.540.000;7.710.000;7.152.587;36951300
03/11/2015;7.840.000;8.480.000;7.770.000;8.480.000;7.866.919;60306200
04/11/2015;8.580.000;8.650.000;8.020.000;8.080.000;7.495.837;55661500
05/11/2015;8.080.000;8.170.000;7.870.000;8.110.000;7.523.668;92690300
06/11/2015;8.040.000;8.080.000;7.730.000;7.820.000;7.254.635;39680600
09/11/2015;7.830.000;7.930.000;7.590.000;7.910.000;7.338.127;36340400
10/11/2015;7.600.000;7.690.000;7.510.000;7.610.000;7.059.817;34554300
11/11/2015;7.710.000;7.830.000;7.640.000;7.720.000;7.161.864;44596400
12/11/2015;7.720.000;7.740.000;7.530.000;7.580.000;7.031.986;41641400
13/11/2015;7.500.000;7.560.000;7.230.000;7.270.000;6.744.398;67000600
16/11/2015;7.310.000;7.700.000;7.310.000;7.700.000;7.143.311;56587800
17/11/2015;7.800.000;7.860.000;7.640.000;7.760.000;7.198.972;52072800
18/11/2015;7.810.000;8.030.000;7.790.000;7.820.000;7.254.635;38137700
19/11/2015;7.960.000;7.980.000;7.620.000;7.840.000;7.273.189;51878600
23/11/2015;7.900.000;8.100.000;7.850.000;8.080.000;7.495.837;47415800
24/11/2015;8.050.000;8.500.000;7.950.000;8.500.000;7.885.472;63001700
25/11/2015;8.280.000;8.350.000;7.900.000;7.900.000;7.328.851;54732800
26/11/2015;7.950.000;8.040.000;7.820.000;7.920.000;7.347.405;21697100
27/11/2015;7.810.000;7.860.000;7.570.000;7.600.000;7.050.539;38334200
30/11/2015;7.540.000;7.840.000;7.420.000;7.670.000;7.115.479;72764300
01/12/2015;7.670.000;7.760.000;7.450.000;7.490.000;6.948.492;35865600
02/12/2015;7.540.000;7.590.000;7.350.000;7.520.000;6.976.325;47713500
03/12/2015;7.990.000;8.170.000;7.790.000;7.980.000;7.403.068;76680900
04/12/2015;7.970.000;7.970.000;7.420.000;7.520.000;6.976.325;63662600
07/12/2015;7.600.000;7.610.000;7.150.000;7.190.000;6.670.183;47395000
08/12/2015;7.200.000;7.200.000;6.950.000;7.130.000;6.614.520;46590500
09/12/2015;7.340.000;7.820.000;7.270.000;7.650.000;7.096.925;82102800
10/12/2015;7.510.000;7.570.000;7.310.000;7.450.000;6.911.385;43458400
11/12/2015;7.260.000;7.530.000;7.210.000;7.250.000;6.725.843;50750600
14/12/2015;7.150.000;7.230.000;7.070.000;7.210.000;6.688.735;33538000
15/12/2015;7.340.000;7.470.000;7.300.000;7.420.000;6.883.553;34188900
16/12/2015;7.280.000;7.360.000;7.090.000;7.290.000;6.762.952;39840300
17/12/2015;7.350.000;7.520.000;7.190.000;7.200.000;6.679.459;43789300
18/12/2015;7.020.000;7.100.000;6.920.000;7.020.000;6.512.473;60061600
21/12/2015;7.060.000;7.090.000;6.620.000;6.640.000;6.159.945;54032100
22/12/2015;6.760.000;6.820.000;6.620.000;6.790.000;6.299.101;40463400
23/12/2015;6.910.000;7.040.000;6.870.000;6.930.000;6.428.978;38789700
28/12/2015;6.900.000;6.900.000;6.650.000;6.700.000;6.215.607;28617600
29/12/2015;6.810.000;6.870.000;6.680.000;6.690.000;6.206.331;22441300
30/12/2015;6.660.000;6.760.000;6.520.000;6.700.000;6.215.607;30041600
04/01/2016;6.570.000;7.030.000;6.550.000;6.870.000;6.373.318;45962100
05/01/2016;6.920.000;7.000.000;6.620.000;6.680.000;6.197.053;29446700
06/01/2016;6.530.000;6.540.000;6.400.000;6.400.000;5.937.296;67507200
07/01/2016;6.190.000;6.430.000;6.080.000;6.260.000;5.807.419;57387900
08/01/2016;6.380.000;6.450.000;6.130.000;6.270.000;5.816.695;52100300
11/01/2016;6.270.000;6.300.000;6.050.000;6.090.000;5.649.709;51334000
12/01/2016;6.120.000;6.120.000;5.510.000;5.530.000;5.130.196;81627800
13/01/2016;5.700.000;5.740.000;5.250.000;5.270.000;4.888.993;70874300
14/01/2016;5.310.000;5.690.000;5.130.000;5.690.000;5.278.628;76854200
15/01/2016;5.350.000;5.440.000;5.160.000;5.170.000;4.796.223;75571500
18/01/2016;5.190.000;5.210.000;4.800.000;4.800.000;4.452.973;46407200
19/01/2016;5.030.000;5.050.000;4.640.000;4.660.000;4.323.093;66529300
20/01/2016;4.500.000;4.500.000;4.260.000;4.430.000;4.109.723;92914100
21/01/2016;4.370.000;4.670.000;4.360.000;4.500.000;4.174.661;87455300
22/01/2016;4.730.000;4.770.000;4.400.000;4.410.000;4.091.169;100576600
26/01/2016;4.230.000;4.310.000;4.120.000;4.200.000;3.896.351;71933300
27/01/2016;4.220.000;4.640.000;4.160.000;4.570.000;4.239.601;79437900
28/01/2016;4.670.000;5.130.000;4.350.000;4.600.000;4.267.432;131960900
29/01/2016;4.700.000;4.860.000;4.520.000;4.840.000;4.490.080;93013900
01/02/2016;4.740.000;4.860.000;4.660.000;4.720.000;4.378.756;51910300
02/02/2016;4.560.000;4.650.000;4.300.000;4.300.000;3.989.122;53610300
03/02/2016;4.420.000;4.520.000;4.220.000;4.490.000;4.165.385;73786400
04/02/2016;4.560.000;4.940.000;4.360.000;4.730.000;4.388.032;91974200
05/02/2016;4.730.000;4.780.000;4.530.000;4.540.000;4.211.770;52704500
10/02/2016;4.300.000;4.410.000;4.280.000;4.310.000;3.998.398;45747400
11/02/2016;4.200.000;4.270.000;4.120.000;4.230.000;3.924.182;59451500
12/02/2016;4.370.000;4.510.000;4.300.000;4.450.000;4.128.277;64027200
15/02/2016;4.560.000;4.600.000;4.520.000;4.570.000;4.239.601;28490400
16/02/2016;4.500.000;4.640.000;4.420.000;4.440.000;4.118.999;80343900
17/02/2016;4.540.000;4.820.000;4.510.000;4.680.000;4.341.647;84473100
18/02/2016;4.690.000;4.870.000;4.550.000;4.590.000;4.258.154;65026900
19/02/2016;4.500.000;4.570.000;4.400.000;4.460.000;4.137.554;56031000
22/02/2016;4.670.000;5.040.000;4.630.000;5.040.000;4.675.621;80150300
23/02/2016;4.950.000;5.280.000;4.820.000;4.920.000;4.564.297;85037400
24/02/2016;4.770.000;4.930.000;4.650.000;4.870.000;4.517.911;75039700
25/02/2016;4.810.000;5.080.000;4.790.000;4.890.000;4.536.466;70393700
26/02/2016;5.020.000;5.100.000;4.830.000;4.870.000;4.517.911;61396800
29/02/2016;5.080.000;5.230.000;4.980.000;5.140.000;4.768.392;84165000
01/03/2016;5.310.000;5.370.000;5.100.000;5.310.000;4.926.101;80939200
02/03/2016;5.210.000;5.650.000;5.150.000;5.650.000;5.241.520;88545800
03/03/2016;6.570.000;6.570.000;6.570.000;6.570.000;6.095.006;186772500
04/03/2016;6.570.000;7.900.000;6.570.000;7.220.000;6.698.011;175922100
07/03/2016;7.250.000;7.530.000;6.950.000;7.370.000;6.837.168;85041400
08/03/2016;7.370.000;7.840.000;7.080.000;7.470.000;6.929.938;137169400
09/03/2016;7.700.000;7.780.000;7.360.000;7.600.000;7.050.539;84821900
10/03/2016;7.800.000;7.960.000;7.310.000;7.950.000;7.375.236;117672300
11/03/2016;7.940.000;8.220.000;7.670.000;8.090.000;7.505.114;92331300
14/03/2016;8.130.000;8.200.000;7.400.000;7.400.000;6.864.999;86084700
15/03/2016;6.830.000;6.960.000;6.560.000;6.610.000;6.132.115;104913200
16/03/2016;6.510.000;7.230.000;6.410.000;7.230.000;6.707.290;85533000
17/03/2016;8.150.000;8.190.000;7.710.000;8.100.000;7.514.391;118294200
18/03/2016;8.090.000;8.170.000;7.720.000;8.120.000;7.532.945;77182400
21/03/2016;8.080.000;8.270.000;7.930.000;8.060.000;7.477.283;65837300
22/03/2016;7.850.000;8.180.000;7.730.000;8.110.000;7.523.668;84549700
23/03/2016;7.880.000;7.960.000;7.660.000;7.780.000;7.217.527;61437900
24/03/2016;7.530.000;8.000.000;7.320.000;7.810.000;7.245.358;52343300
28/03/2016;8.150.000;8.480.000;7.910.000;8.440.000;7.829.810;69818700
29/03/2016;8.340.000;8.850.000;8.190.000;8.490.000;7.876.195;89050200
30/03/2016;8.700.000;9.000.000;8.280.000;8.440.000;7.829.810;90059600
31/03/2016;8.310.000;8.310.000;8.310.000;8.310.000;7.709.209;737700
01/04/2016;8.360.000;8.360.000;8.360.000;8.360.000;7.755.593;374500
04/04/2016;7.540.000;7.540.000;7.540.000;7.540.000;6.994.877;865300
05/04/2016;7.800.000;7.800.000;7.800.000;7.800.000;7.236.081;684100
06/04/2016;7.580.000;7.580.000;7.580.000;7.580.000;7.031.986;457400
07/04/2016;7.700.000;7.700.000;7.700.000;7.700.000;7.143.311;324800
08/04/2016;8.130.000;8.340.000;8.040.000;8.260.000;7.662.824;84448200
11/04/2016;8.390.000;8.390.000;8.390.000;8.390.000;7.783.426;449600
12/04/2016;9.040.000;9.040.000;9.040.000;9.040.000;8.386.433;648900
13/04/2016;9.490.000;9.490.000;9.490.000;9.490.000;8.803.898;782300
14/04/2016;9.730.000;9.770.000;9.120.000;9.160.000;8.497.756;77355500
15/04/2016;9.250.000;9.830.000;9.070.000;9.690.000;8.989.438;95590000
18/04/2016;9.650.000;9.720.000;8.890.000;9.240.000;8.571.973;88873100
19/04/2016;9.610.000;9.610.000;9.610.000;9.610.000;8.915.220;370500
20/04/2016;9.400.000;9.640.000;9.340.000;9.480.000;8.794.621;53295800
22/04/2016;9.320.000;9.930.000;9.290.000;9.750.000;9.045.100;63322900
25/04/2016;9.710.000;9.900.000;9.330.000;9.330.000;8.655.465;56585400
26/04/2016;9.480.000;9.740.000;9.340.000;9.670.000;8.970.884;40460400
27/04/2016;9.850.000;10.300.000;9.770.000;10.250.000;9.508.953;86397900
28/04/2016;10.230.000;10.540.000;10.080.000;10.230.000;9.490.397;57741500
29/04/2016;10.230.000;10.540.000;10.010.000;10.230.000;9.490.397;53931300
02/05/2016;10.250.000;10.360.000;9.930.000;10.170.000;9.434.735;48618800
03/05/2016;10.010.000;10.090.000;9.710.000;9.780.000;9.072.931;47074700
04/05/2016;9.850.000;10.150.000;9.850.000;9.920.000;9.202.810;43389500
05/05/2016;10.280.000;10.300.000;9.600.000;9.810.000;9.100.763;65074500
06/05/2016;9.630.000;10.130.000;9.580.000;10.080.000;9.351.242;45330900
09/05/2016;10.010.000;10.050.000;8.840.000;9.480.000;8.794.621;94688100
10/05/2016;9.820.000;10.210.000;9.720.000;10.210.000;9.471.845;53055800
11/05/2016;10.390.000;10.500.000;9.990.000;10.250.000;9.508.953;74542300
12/05/2016;10.400.000;10.470.000;9.790.000;9.790.000;9.082.210;67229100
13/05/2016;9.930.000;10.060.000;9.390.000;9.460.000;8.776.065;70472200
16/05/2016;9.550.000;9.850.000;9.520.000;9.750.000;9.045.100;61487700
17/05/2016;9.830.000;9.880.000;9.460.000;9.500.000;8.813.175;46379500
18/05/2016;9.310.000;9.650.000;9.270.000;9.320.000;8.646.187;51929100
19/05/2016;9.250.000;9.250.000;8.650.000;8.960.000;8.312.217;75430200
20/05/2016;9.200.000;9.460.000;8.900.000;8.900.000;8.256.554;65173100
23/05/2016;8.550.000;8.670.000;8.420.000;8.500.000;7.885.472;51330000
24/05/2016;8.690.000;8.850.000;8.450.000;8.530.000;7.913.304;44823400
25/05/2016;8.680.000;8.940.000;8.590.000;8.670.000;8.043.181;45512600
27/05/2016;8.500.000;8.570.000;8.230.000;8.230.000;7.634.992;47488600
30/05/2016;8.180.000;8.620.000;8.060.000;8.380.000;7.774.148;32281900
31/05/2016;8.360.000;8.570.000;8.040.000;8.040.000;7.458.729;58662600
01/06/2016;8.090.000;8.250.000;7.860.000;8.180.000;7.588.608;45884400
02/06/2016;8.190.000;8.410.000;8.030.000;8.320.000;7.718.486;52835100
03/06/2016;8.510.000;8.670.000;8.450.000;8.570.000;7.950.412;45595300
06/06/2016;8.700.000;8.780.000;8.450.000;8.460.000;7.848.364;37117600
07/06/2016;8.420.000;8.720.000;8.390.000;8.620.000;7.996.796;34401600
08/06/2016;8.800.000;9.410.000;8.800.000;9.390.000;8.711.126;77194700
09/06/2016;9.280.000;9.380.000;9.050.000;9.180.000;8.516.309;46539900
10/06/2016;8.970.000;8.990.000;8.780.000;8.780.000;8.145.228;38859900
13/06/2016;8.580.000;8.840.000;8.520.000;8.620.000;7.996.796;37094100
14/06/2016;8.600.000;8.770.000;8.250.000;8.300.000;7.699.931;66180300
15/06/2016;8.300.000;8.690.000;8.270.000;8.510.000;7.894.749;84556900
16/06/2016;8.410.000;8.540.000;8.280.000;8.500.000;7.885.472;46834500
17/06/2016;8.750.000;8.950.000;8.730.000;8.950.000;8.302.938;63144100
20/06/2016;9.220.000;9.370.000;9.120.000;9.180.000;8.516.309;63791500
21/06/2016;9.090.000;9.540.000;8.940.000;9.530.000;8.841.006;53703900
22/06/2016;9.610.000;9.750.000;9.340.000;9.340.000;8.664.742;61983000
23/06/2016;9.590.000;9.700.000;9.510.000;9.670.000;8.970.884;48031300
24/06/2016;9.000.000;9.330.000;8.920.000;9.250.000;8.581.248;75974900
27/06/2016;9.220.000;9.340.000;8.780.000;8.780.000;8.145.228;58818400
28/06/2016;9.100.000;9.280.000;9.070.000;9.200.000;8.534.864;45291700
29/06/2016;9.430.000;9.570.000;9.320.000;9.500.000;8.813.175;56093600
30/06/2016;9.420.000;9.490.000;9.240.000;9.420.000;8.738.958;43741300
01/07/2016;9.480.000;9.850.000;9.370.000;9.820.000;9.110.039;49290800
04/07/2016;9.950.000;10.050.000;9.790.000;9.870.000;9.156.424;24505100
05/07/2016;9.650.000;9.670.000;9.230.000;9.290.000;8.618.358;69691200
06/07/2016;9.090.000;9.520.000;8.950.000;9.500.000;8.813.175;68781500
07/07/2016;9.660.000;9.980.000;9.520.000;9.560.000;8.868.838;81610300
08/07/2016;9.850.000;9.940.000;9.670.000;9.840.000;9.128.593;42647600
11/07/2016;10.000.000;10.370.000;9.980.000;10.360.000;9.610.998;66717300
12/07/2016;10.610.000;10.800.000;10.580.000;10.650.000;9.880.033;58174200
13/07/2016;10.470.000;10.630.000;10.210.000;10.630.000;9.861.479;64252100
14/07/2016;10.920.000;10.980.000;10.660.000;10.930.000;10.139.791;53059500
15/07/2016;10.910.000;11.060.000;10.820.000;11.020.000;10.223.283;51223500
18/07/2016;10.970.000;11.740.000;10.870.000;11.550.000;10.714.965;77358900
19/07/2016;11.510.000;11.970.000;11.500.000;11.780.000;10.928.338;53692000
20/07/2016;11.820.000;11.900.000;11.540.000;11.820.000;10.965.446;49261200
21/07/2016;11.770.000;11.990.000;11.730.000;11.850.000;10.993.276;37748600
22/07/2016;11.840.000;11.970.000;11.720.000;11.940.000;11.076.770;33938400
25/07/2016;11.980.000;12.250.000;11.910.000;12.030.000;11.160.263;47192000
26/07/2016;11.950.000;12.070.000;11.850.000;11.880.000;11.021.108;38304800
27/07/2016;11.990.000;12.040.000;11.510.000;11.510.000;10.677.857;51952100
28/07/2016;11.400.000;11.550.000;11.150.000;11.440.000;10.612.918;40663100
29/07/2016;11.760.000;11.980.000;11.610.000;11.870.000;11.011.830;60740000
01/08/2016;11.930.000;11.970.000;11.220.000;11.250.000;10.436.654;52012300
02/08/2016;11.330.000;11.620.000;11.100.000;11.360.000;10.538.701;49134600
03/08/2016;11.580.000;11.900.000;11.330.000;11.900.000;11.039.660;55695500
04/08/2016;11.930.000;12.120.000;11.870.000;12.010.000;11.141.709;63207500
05/08/2016;12.120.000;12.170.000;11.650.000;11.650.000;10.807.736;54225900
08/08/2016;11.790.000;11.970.000;11.700.000;11.910.000;11.048.938;41552000
09/08/2016;11.920.000;12.070.000;11.750.000;11.880.000;11.021.108;33596200
10/08/2016;11.950.000;11.970.000;11.560.000;11.560.000;10.724.243;41638400
11/08/2016;11.630.000;12.100.000;11.600.000;12.100.000;11.225.204;55881500
12/08/2016;12.050.000;12.440.000;11.980.000;12.000.000;11.132.433;71281300
15/08/2016;12.190.000;12.370.000;12.070.000;12.310.000;11.420.021;53568000
16/08/2016;12.310.000;12.560.000;12.140.000;12.490.000;11.587.005;48218700
17/08/2016;12.470.000;12.760.000;12.320.000;12.760.000;11.837.485;46809100
18/08/2016;12.800.000;13.030.000;12.780.000;12.880.000;11.948.810;44941100
19/08/2016;12.820.000;12.920.000;12.700.000;12.790.000;11.865.318;33360000
22/08/2016;12.630.000;12.630.000;12.300.000;12.350.000;11.457.127;43258900
23/08/2016;12.480.000;12.860.000;12.420.000;12.670.000;11.753.992;61048000
24/08/2016;12.500.000;12.710.000;12.370.000;12.400.000;11.503.512;44694700
25/08/2016;12.420.000;12.640.000;12.350.000;12.530.000;11.624.113;40290500
26/08/2016;12.690.000;12.900.000;12.450.000;12.550.000;11.642.668;50650500
29/08/2016;12.500.000;12.960.000;12.450.000;12.870.000;11.939.533;36990100
30/08/2016;13.040.000;13.230.000;12.970.000;13.090.000;12.143.625;51893700
31/08/2016;13.130.000;13.220.000;12.710.000;12.850.000;11.920.978;61016100
01/09/2016;12.970.000;13.090.000;12.760.000;13.000.000;12.060.134;45370000
02/09/2016;13.220.000;13.580.000;13.150.000;13.570.000;12.588.923;57017000
05/09/2016;13.790.000;13.930.000;13.730.000;13.830.000;12.830.127;26292200
06/09/2016;13.690.000;13.980.000;13.530.000;13.980.000;12.969.282;42086900
08/09/2016;14.070.000;14.290.000;13.960.000;14.220.000;13.191.932;42797300
09/09/2016;13.960.000;14.020.000;13.510.000;13.510.000;12.533.264;43155300
12/09/2016;13.320.000;13.950.000;13.270.000;13.950.000;12.941.452;44141000
13/09/2016;13.700.000;13.850.000;12.940.000;13.010.000;12.069.411;64134000
14/09/2016;13.150.000;13.360.000;12.970.000;13.110.000;12.162.181;43932500
15/09/2016;13.210.000;13.560.000;13.160.000;13.510.000;12.533.264;42169100
16/09/2016;13.340.000;13.420.000;13.160.000;13.160.000;12.208.567;44651900
19/09/2016;13.420.000;13.540.000;13.020.000;13.050.000;12.106.520;51105500
20/09/2016;13.450.000;13.630.000;13.330.000;13.500.000;12.523.985;52063100
21/09/2016;13.600.000;13.690.000;13.400.000;13.660.000;12.672.419;61094100
22/09/2016;13.890.000;14.090.000;13.840.000;14.000.000;12.987.838;47574500
23/09/2016;13.980.000;13.980.000;13.540.000;13.690.000;12.700.249;53264300
26/09/2016;13.590.000;13.690.000;13.390.000;13.400.000;12.431.214;35545800
27/09/2016;13.400.000;13.400.000;12.870.000;13.120.000;12.171.458;58098200
28/09/2016;13.300.000;13.850.000;13.120.000;13.850.000;12.848.683;69032100
29/09/2016;13.800.000;13.900.000;13.430.000;13.430.000;12.459.045;53143200
30/09/2016;13.530.000;13.770.000;13.440.000;13.570.000;12.588.923;39275000
03/10/2016;13.670.000;13.970.000;13.620.000;13.970.000;12.960.007;34444500
04/10/2016;13.980.000;14.120.000;13.830.000;14.020.000;13.006.392;39717400
05/10/2016;14.190.000;14.640.000;14.160.000;14.580.000;13.525.905;65242200
06/10/2016;14.710.000;15.100.000;14.620.000;15.100.000;14.008.309;77003800
07/10/2016;15.230.000;15.380.000;14.970.000;15.260.000;14.156.743;71691000
10/10/2016;15.520.000;15.770.000;15.510.000;15.730.000;14.592.762;38724300
11/10/2016;15.610.000;15.660.000;15.290.000;15.390.000;14.277.344;69314500
13/10/2016;15.190.000;15.820.000;15.030.000;15.760.000;14.620.593;58212500
14/10/2016;16.010.000;16.290.001;15.980.000;16.260.000;15.084.445;66150000
17/10/2016;16.240.000;16.900.000;16.070.000;16.900.000;15.678.174;75002000
18/10/2016;17.209.999;17.639.999;17.180.000;17.420.000;16.160.582;76995000
19/10/2016;17.719.999;17.790.001;17.340.000;17.620.001;16.346.121;65212400
20/10/2016;17.309.999;17.740.000;17.219.999;17.740.000;16.457.443;62901500
21/10/2016;17.650.000;18.090.000;17.480.000;17.950.001;16.652.266;47961800
24/10/2016;18.260.000;18.430.000;18.000.000;18.200.001;16.884.186;51678900
25/10/2016;18.219.999;18.290.001;17.709.999;18.000.000;16.698.645;57674100
26/10/2016;17.700.001;18.250.000;17.610.001;18.100.000;16.791.418;51424400
27/10/2016;18.110.001;18.490.000;18.090.000;18.090.000;16.782.143;43645900
28/10/2016;17.990.000;18.290.001;17.950.001;18.090.000;16.782.143;37689700
31/10/2016;18.030.001;18.170.000;17.610.001;17.690.001;16.411.060;42059100
01/11/2016;17.879.999;17.879.999;16.559.999;16.860.001;15.641.068;68718800
03/11/2016;16.629.999;17.030.001;16.129.999;16.129.999;14.963.841;56998700
04/11/2016;16.469.999;16.580.000;15.910.000;15.990.000;14.833.964;61347700
07/11/2016;16.709.999;17.209.999;16.709.999;17.209.999;15.965.763;51625300
08/11/2016;17.100.000;17.480.000;16.730.000;17.040.001;15.808.055;56241000
09/11/2016;15.850.000;17.100.000;15.810.000;16.650.000;15.446.249;111417100
10/11/2016;17.100.000;17.180.000;15.500.000;15.500.000;14.379.391;94683900
11/11/2016;15.180.000;15.460.000;13.940.000;14.010.000;12.997.114;129811400
14/11/2016;13.800.000;14.180.000;13.330.000;14.000.000;12.987.838;86623000
16/11/2016;14.550.000;14.960.000;14.180.000;14.740.000;13.674.336;77406600
17/11/2016;15.150.000;15.320.000;14.290.000;14.290.000;13.256.870;51535300
18/11/2016;14.370.000;14.690.000;14.210.000;14.520.000;13.470.243;55041300
21/11/2016;15.050.000;15.580.000;14.880.000;15.580.000;14.453.608;59122000
22/11/2016;15.930.000;16.080.000;15.250.000;15.930.000;14.778.303;58636100
23/11/2016;15.720.000;15.990.000;15.530.000;15.850.000;14.704.086;42490100
24/11/2016;15.900.000;15.900.000;15.580.000;15.580.000;14.453.608;14725000
25/11/2016;15.250.000;15.520.000;15.050.000;15.300.000;14.193.851;47630600
28/11/2016;15.200.000;15.560.000;15.200.000;15.460.000;14.342.282;38747500
29/11/2016;15.300.000;15.380.000;14.590.000;14.660.000;13.600.121;54075900
30/11/2016;15.900.000;16.190.001;15.610.000;16.000.000;14.843.241;82547300
01/12/2016;16.000.000;16.350.000;15.330.000;15.440.000;14.323.729;66775400
02/12/2016;15.120.000;15.910.000;14.750.000;15.830.000;14.685.533;58381500
05/12/2016;16.010.000;16.090.000;15.550.000;15.660.000;14.527.822;47586500
06/12/2016;16.000.000;16.200.001;15.740.000;16.150.000;14.982.396;63916700
07/12/2016;16.299.999;16.330.000;15.770.000;15.860.000;14.713.363;50247400
08/12/2016;15.970.000;16.000.000;15.520.000;15.700.000;14.564.932;41104800
09/12/2016;15.880.000;15.900.000;15.520.000;15.580.000;14.453.608;37161200
12/12/2016;15.790.000;15.950.000;15.480.000;15.600.000;14.472.162;35436700
13/12/2016;15.550.000;15.690.000;15.380.000;15.450.000;14.333.005;33455000
14/12/2016;15.430.000;15.470.000;14.740.000;14.740.000;13.674.336;44215700
15/12/2016;14.780.000;14.910.000;14.330.000;14.850.000;13.776.384;43338800
16/12/2016;14.900.000;15.140.000;14.760.000;14.760.000;13.692.889;37876200
19/12/2016;14.880.000;14.890.000;14.350.000;14.360.000;13.321.808;39128600
20/12/2016;14.460.000;14.590.000;14.100.000;14.350.000;13.312.531;31810000
21/12/2016;14.450.000;14.480.000;14.040.000;14.340.000;13.303.256;32856800
22/12/2016;14.460.000;14.460.000;14.010.000;14.010.000;12.997.114;42240500
23/12/2016;14.050.000;14.350.000;14.010.000;14.240.000;13.210.485;21776900
26/12/2016;14.320.000;14.450.000;14.270.000;14.420.000;13.377.471;5734300
27/12/2016;14.500.000;14.550.000;14.260.000;14.410.000;13.368.195;14949200
28/12/2016;14.430.000;14.810.000;14.360.000;14.780.000;13.711.444;18979900
29/12/2016;14.850.000;14.880.000;14.520.000;14.870.000;13.794.937;18090600
02/01/2017;14.640.000;14.700.000;14.600.000;14.660.000;13.600.121;7525700
03/01/2017;14.950.000;15.650.000;14.950.000;15.500.000;14.379.391;39947800
04/01/2017;15.450.000;15.680.000;15.310.000;15.500.000;14.379.391;37071700
05/01/2017;15.700.000;15.910.000;15.620.000;15.750.000;14.611.317;47586300
06/01/2017;15.780.000;15.920.000;15.500.000;15.660.000;14.527.822;25592000
09/01/2017;15.500.000;15.600.000;15.330.000;15.330.000;14.221.682;25599000
10/01/2017;15.600.000;15.680.000;15.390.000;15.480.000;14.360.837;26239900
11/01/2017;15.640.000;15.680.000;15.270.000;15.660.000;14.527.822;34399300
12/01/2017;16.150.000;16.250.000;15.900.000;15.900.000;14.750.471;49890300
13/01/2017;15.770.000;15.950.000;15.570.000;15.680.000;14.546.377;34450000
16/01/2017;15.700.000;15.750.000;15.580.000;15.750.000;14.611.317;20069600
17/01/2017;15.730.000;15.970.000;15.720.000;15.820.000;14.676.254;28663300
18/01/2017;15.800.000;15.930.000;15.710.000;15.790.000;14.648.424;24725200
19/01/2017;15.820.000;15.880.000;15.580.000;15.770.000;14.629.870;21677600
20/01/2017;15.840.000;16.190.001;15.810.000;16.000.000;14.843.241;34863500
23/01/2017;15.940.000;16.090.000;15.790.000;15.990.000;14.833.964;25139100
24/01/2017;16.120.001;16.430.000;15.970.000;16.040.001;14.880.351;49710600
26/01/2017;16.150.000;16.190.001;15.800.000;15.800.000;14.657.701;37391900
27/01/2017;15.730.000;15.870.000;15.540.000;15.620.000;14.490.716;23275300
30/01/2017;15.510.000;15.530.000;14.840.000;14.840.000;13.767.106;26779500
31/01/2017;14.990.000;15.370.000;14.900.000;15.020.000;13.934.093;30807200
01/02/2017;15.260.000;15.410.000;14.910.000;15.020.000;13.934.093;35977000
02/02/2017;14.990.000;15.280.000;14.860.000;14.890.000;13.813.494;39306700
03/02/2017;14.920.000;15.340.000;14.770.000;15.340.000;14.230.958;40213400
06/02/2017;15.380.000;15.470.000;14.950.000;14.960.000;13.878.432;29686500
07/02/2017;15.100.000;15.160.000;14.700.000;14.700.000;13.637.228;29163900
08/02/2017;14.770.000;15.100.000;14.270.000;15.100.000;14.008.309;58912900
09/02/2017;15.180.000;15.240.000;14.960.000;15.050.000;13.961.925;33910300
10/02/2017;15.200.000;15.630.000;15.140.000;15.580.000;14.453.608;44467000
13/02/2017;15.770.000;15.910.000;15.550.000;15.620.000;14.490.716;36439100
14/02/2017;15.740.000;15.950.000;15.560.000;15.820.000;14.676.254;34417400
15/02/2017;15.910.000;16.049.999;15.780.000;15.840.000;14.694.810;47953300
16/02/2017;15.840.000;16.070.000;15.750.000;15.860.000;14.713.363;37276900
17/02/2017;15.740.000;15.900.000;15.600.000;15.610.000;14.481.437;24866600
20/02/2017;15.740.000;15.980.000;15.650.000;15.920.000;14.769.026;33514000
21/02/2017;16.100.000;16.230.000;16.040.001;16.090.000;14.926.735;33685800
22/02/2017;16.000.000;16.020.000;15.570.000;15.700.000;14.564.932;45255400
23/02/2017;15.940.000;16.100.000;15.480.000;15.560.000;14.435.054;41208700
24/02/2017;15.350.000;15.470.000;15.100.000;15.180.000;14.082.524;30412200
01/03/2017;15.510.000;15.550.000;15.320.000;15.520.000;14.397.944;25661000
02/03/2017;15.440.000;15.450.000;14.990.000;15.110.000;14.017.588;38490800
03/03/2017;15.220.000;15.340.000;15.040.000;15.320.000;14.212.404;24516800
06/03/2017;15.110.000;15.470.000;15.040.000;15.100.000;14.008.309;23325000
07/03/2017;15.180.000;15.380.000;15.120.000;15.180.000;14.082.524;30927300
08/03/2017;15.160.000;15.180.000;14.550.000;14.550.000;13.498.073;49300700
09/03/2017;14.340.000;14.590.000;14.170.000;14.500.000;13.451.687;46467600
10/03/2017;14.720.000;14.880.000;14.240.000;14.310.000;13.275.424;42454600
13/03/2017;14.330.000;14.400.000;14.160.000;14.370.000;13.331.087;28295100
14/03/2017;14.070.000;14.100.000;13.590.000;13.590.000;12.607.480;67172700
15/03/2017;13.860.000;14.200.000;13.550.000;14.200.000;13.173.376;55593200
16/03/2017;14.260.000;14.320.000;13.680.000;13.710.000;12.718.805;35362300
17/03/2017;13.810.000;13.880.000;13.050.000;13.160.000;12.208.567;81797400
20/03/2017;12.980.000;13.670.000;12.910.000;13.600.000;12.616.755;52351600
21/03/2017;13.610.000;13.630.000;12.820.000;13.000.000;12.060.134;46384300
22/03/2017;13.200.000;13.720.000;13.030.000;13.660.000;12.672.419;62807700
23/03/2017;13.480.000;13.820.000;13.420.000;13.570.000;12.588.923;36467200
24/03/2017;13.700.000;13.770.000;13.340.000;13.480.000;12.505.432;30084700
27/03/2017;13.240.000;13.790.000;13.020.000;13.770.000;12.774.465;32021200
28/03/2017;13.900.000;14.110.000;13.770.000;13.950.000;12.941.452;44850600
29/03/2017;14.040.000;14.490.000;13.930.000;14.450.000;13.405.302;43051400
30/03/2017;14.550.000;14.640.000;14.350.000;14.450.000;13.405.302;32928600
31/03/2017;14.360.000;14.650.000;14.260.000;14.490.000;13.442.410;33553000
03/04/2017;14.540.000;14.750.000;14.530.000;14.670.000;13.609.397;39427200
04/04/2017;14.670.000;14.890.000;14.570.000;14.850.000;13.776.384;24132000
05/04/2017;15.050.000;15.160.000;14.500.000;14.570.000;13.516.626;49920900
06/04/2017;14.620.000;14.870.000;14.420.000;14.530.000;13.479.520;34602700
07/04/2017;14.610.000;14.900.000;14.600.000;14.700.000;13.637.228;33024900
10/04/2017;14.900.000;14.940.000;14.700.000;14.940.000;13.859.876;37906000
11/04/2017;14.970.000;14.990.000;14.550.000;14.680.000;13.618.675;38593200
12/04/2017;14.600.000;14.830.000;14.580.000;14.650.000;13.590.843;42628900
13/04/2017;14.650.000;14.690.000;14.080.000;14.080.000;13.062.052;44572600
17/04/2017;14.140.000;14.350.000;13.970.000;14.280.000;13.247.592;46459500
18/04/2017;14.150.000;14.370.000;13.950.000;14.100.000;13.080.606;45349800
19/04/2017;14.240.000;14.280.000;13.550.000;13.600.000;12.616.755;41014100
20/04/2017;13.800.000;13.900.000;13.630.000;13.880.000;12.876.513;28227600
24/04/2017;14.130.000;14.160.000;13.920.000;14.030.000;13.015.668;27546200
25/04/2017;13.900.000;14.340.000;13.800.000;14.340.000;13.303.256;32268100
26/04/2017;14.160.000;14.490.000;14.000.000;14.000.000;12.987.838;37045000
27/04/2017;13.990.000;14.030.000;13.560.000;13.730.000;12.737.357;29078500
28/04/2017;13.850.000;14.100.000;13.690.000;13.970.000;12.960.007;31061200
02/05/2017;14.060.000;14.340.000;13.850.000;13.990.000;12.978.559;37830100
03/05/2017;14.040.000;14.250.000;13.950.000;14.160.000;13.136.270;38357600
04/05/2017;14.000.000;14.000.000;13.580.000;13.600.000;12.616.755;37695400
05/05/2017;13.690.000;14.210.000;13.660.000;14.210.000;13.182.654;32788100
08/05/2017;14.130.000;14.350.000;13.980.000;14.080.000;13.062.052;36464300
09/05/2017;14.150.000;14.240.000;14.040.000;14.140.000;13.117.716;28008600
10/05/2017;14.340.000;14.750.000;14.310.000;14.730.000;13.665.057;46271700
11/05/2017;14.880.000;14.920.000;14.640.000;14.820.000;13.748.553;29318000
12/05/2017;15.500.000;15.580.000;15.350.000;15.450.000;14.333.005;83518200
15/05/2017;15.770.000;15.870.000;15.650.000;15.680.000;14.546.377;46914700
16/05/2017;15.770.000;15.780.000;15.520.000;15.700.000;14.564.932;34469300
17/05/2017;15.560.000;15.720.000;15.510.000;15.610.000;14.481.437;30023400
18/05/2017;12.450.000;14.000.000;12.450.000;13.150.000;12.199.290;142924900
19/05/2017;13.750.000;13.900.000;13.460.000;13.620.000;12.635.309;70983900
22/05/2017;13.350.000;13.510.000;13.000.000;13.400.000;12.431.214;55014900
23/05/2017;13.450.000;13.600.000;13.380.000;13.490.000;12.514.708;48520100
24/05/2017;13.750.000;14.090.000;13.690.000;14.050.000;13.034.224;54065800
25/05/2017;13.970.000;14.190.000;13.630.000;13.740.000;12.746.636;45030800
26/05/2017;13.470.000;13.790.000;13.400.000;13.680.000;12.690.972;63326900
29/05/2017;13.680.000;13.680.000;13.680.000;13.680.000;12.690.972;0
30/05/2017;13.550.000;13.640.000;13.360.000;13.360.000;12.394.107;34663800
31/05/2017;13.210.000;13.310.000;12.950.000;12.960.000;12.023.026;45628800
01/06/2017;13.160.000;13.290.000;12.820.000;12.820.000;11.893.147;42873400
02/06/2017;12.790.000;13.050.000;12.680.000;13.050.000;12.106.520;43192600
05/06/2017;12.960.000;13.240.000;12.920.000;13.180.000;12.227.121;31419400
06/06/2017;13.230.000;13.330.000;13.030.000;13.180.000;12.227.121;35558700
07/06/2017;13.280.000;13.340.000;12.810.000;12.870.000;11.939.533;44355600
08/06/2017;12.780.000;12.960.000;12.710.000;12.840.000;11.911.702;27749200
09/06/2017;12.960.000;13.100.000;12.830.000;12.850.000;11.920.978;30382100
12/06/2017;12.970.000;13.030.000;12.770.000;12.900.000;11.967.365;30680700
13/06/2017;12.950.000;13.020.000;12.770.000;12.940.000;12.004.472;22891000
14/06/2017;12.940.000;13.040.000;12.610.000;12.620.000;11.707.606;67382800
15/06/2017;12.620.000;12.620.000;12.620.000;12.620.000;11.707.606;0
16/06/2017;12.580.000;12.590.000;12.210.000;12.280.000;11.392.187;73551400
19/06/2017;12.310.000;12.470.000;12.220.000;12.290.000;11.401.466;45926200
20/06/2017;12.120.000;12.130.000;11.760.000;11.860.000;11.002.554;54014700
21/06/2017;11.950.000;12.120.000;11.590.000;11.640.000;10.798.459;58778300
22/06/2017;11.760.000;12.040.000;11.720.000;12.040.000;11.169.539;42284600
23/06/2017;12.110.000;12.150.000;11.870.000;11.930.000;11.067.493;33601000
26/06/2017;12.100.000;12.300.000;12.040.000;12.270.000;11.382.912;42731300
27/06/2017;12.340.000;12.480.000;12.130.000;12.210.000;11.327.250;45097600
28/06/2017;12.270.000;12.320.000;12.010.000;12.080.000;11.206.648;32077400
29/06/2017;12.260.000;12.300.000;12.090.000;12.180.000;11.299.418;24380300
30/06/2017;12.250.000;12.480.000;12.190.000;12.370.000;11.475.682;29687600
03/07/2017;12.280.000;12.410.000;12.220.000;12.360.000;11.466.404;31542500
04/07/2017;12.340.000;12.430.000;12.320.000;12.430.000;11.531.343;12523500
05/07/2017;12.380.000;12.520.000;12.120.000;12.210.000;11.327.250;41958400
06/07/2017;12.280.000;12.360.000;12.080.000;12.170.000;11.290.140;51976900
07/07/2017;12.130.000;12.170.000;11.850.000;11.930.000;11.067.493;42677000
10/07/2017;11.830.000;12.010.000;11.740.000;11.980.000;11.113.877;21748800
11/07/2017;11.950.000;12.450.000;11.900.000;12.330.000;11.438.572;45500900
12/07/2017;12.640.000;12.990.000;12.510.000;12.940.000;12.004.472;66332200
13/07/2017;12.960.000;13.040.000;12.800.000;12.870.000;11.939.533;32983300
14/07/2017;12.960.000;13.060.000;12.910.000;13.050.000;12.106.520;35977500
17/07/2017;13.030.000;13.050.000;12.870.000;12.890.000;11.958.088;28118700
18/07/2017;13.000.000;13.020.000;12.830.000;12.940.000;12.004.472;19300700
19/07/2017;13.000.000;13.270.000;12.970.000;13.230.000;12.273.504;36513700
20/07/2017;13.290.000;13.350.000;13.030.000;13.100.000;12.152.905;30114300
21/07/2017;13.000.000;13.040.000;12.670.000;12.690.000;11.772.545;38738300
24/07/2017;12.830.000;12.920.000;12.770.000;12.880.000;11.948.810;16250400
25/07/2017;13.010.000;13.250.000;13.010.000;13.220.000;12.264.230;29930100
26/07/2017;13.300.000;13.340.000;12.980.000;13.060.000;12.115.796;29333000
27/07/2017;13.050.000;13.170.000;13.000.000;13.000.000;12.060.134;21825900
28/07/2017;12.980.000;13.130.000;12.910.000;13.130.000;12.180.737;20980200
31/07/2017;13.220.000;13.310.000;13.070.000;13.290.000;12.329.168;31397700
01/08/2017;13.300.000;13.320.000;13.080.000;13.120.000;12.171.458;22999400
02/08/2017;13.130.000;13.610.000;13.080.000;13.510.000;12.533.264;46342000
03/08/2017;13.570.000;13.660.000;13.310.000;13.310.000;12.347.723;31300700
04/08/2017;13.410.000;13.480.000;13.260.000;13.400.000;12.431.214;21560500
07/08/2017;13.350.000;13.620.000;13.330.000;13.550.000;12.570.371;29832200
08/08/2017;13.500.000;13.690.000;13.460.000;13.490.000;12.514.708;28907900
09/08/2017;13.510.000;13.610.000;13.440.000;13.520.000;12.542.539;26980300
10/08/2017;13.600.000;13.660.000;13.150.000;13.190.000;12.236.397;56194400
11/08/2017;13.140.000;13.200.000;12.940.000;12.950.000;12.013.749;43025100
14/08/2017;12.980.000;13.220.000;12.910.000;13.080.000;12.134.351;31607400
15/08/2017;13.080.000;13.240.000;13.050.000;13.150.000;12.199.290;24737300
16/08/2017;13.300.000;13.380.000;13.100.000;13.130.000;12.180.737;44946600
17/08/2017;13.120.000;13.260.000;13.020.000;13.050.000;12.106.520;23503300
18/08/2017;13.160.000;13.600.000;13.160.000;13.600.000;12.616.755;66263500
21/08/2017;13.640.000;13.660.000;13.280.000;13.340.000;12.375.552;40485900
22/08/2017;13.700.000;13.870.000;13.640.000;13.790.000;12.793.020;55240700
23/08/2017;13.780.000;13.930.000;13.650.000;13.760.000;12.765.189;47679700
24/08/2017;13.780.000;13.890.000;13.680.000;13.800.000;12.802.298;32300600
25/08/2017;13.870.000;13.940.000;13.810.000;13.880.000;12.876.513;24185600
28/08/2017;13.930.000;14.030.000;13.760.000;13.870.000;12.867.237;27208100
29/08/2017;13.760.000;13.850.000;13.680.000;13.850.000;12.848.683;27306400
30/08/2017;13.790.000;13.900.000;13.440.000;13.450.000;12.477.600;58871700
31/08/2017;13.530.000;13.770.000;13.470.000;13.650.000;12.663.140;82909400
01/09/2017;13.850.000;14.190.000;13.820.000;14.020.000;13.006.392;60260300
04/09/2017;13.960.000;14.180.000;13.940.000;14.170.000;13.145.546;18139300
05/09/2017;14.570.000;14.650.000;14.230.000;14.410.000;13.368.195;56476800
06/09/2017;14.650.000;15.020.000;14.510.000;15.020.000;13.934.093;68418200
07/09/2017;15.020.000;15.020.000;15.020.000;15.020.000;13.934.093;0
08/09/2017;15.100.000;15.150.000;14.690.000;14.710.000;13.646.505;36337400
11/09/2017;14.880.000;15.050.000;14.810.000;14.990.000;13.906.262;34915900
12/09/2017;14.980.000;15.160.000;14.860.000;14.870.000;13.794.937;49702800
13/09/2017;14.940.000;15.100.000;14.810.000;15.030.000;13.943.370;37010200
14/09/2017;15.030.000;15.260.000;15.020.000;15.040.000;13.952.649;34413800
15/09/2017;15.070.000;15.170.000;14.990.000;15.040.000;13.952.649;47784700
18/09/2017;15.020.000;15.190.000;14.980.000;15.040.000;13.952.649;47601200
19/09/2017;15.100.000;15.170.000;14.920.000;15.140.000;14.045.419;35822100
20/09/2017;15.250.000;15.880.000;15.070.000;15.870.000;14.722.640;80267000
21/09/2017;15.850.000;15.960.000;15.580.000;15.670.000;14.537.101;46258800
22/09/2017;15.600.000;15.800.000;15.430.000;15.690.000;14.555.655;40928300
25/09/2017;15.790.000;15.960.000;15.700.000;15.840.000;14.694.810;36733200
26/09/2017;15.860.000;15.900.000;15.560.000;15.560.000;14.435.054;37874200
27/09/2017;15.700.000;15.720.000;15.110.000;15.310.000;14.203.128;41819300
28/09/2017;15.370.000;15.500.000;15.220.000;15.340.000;14.230.958;33829000
29/09/2017;15.500.000;15.520.000;15.300.000;15.300.000;14.193.851;28638300
02/10/2017;15.190.000;15.400.000;15.060.000;15.400.000;14.286.621;29826200
03/10/2017;15.600.000;15.980.000;15.520.000;15.980.000;14.824.687;50636700
04/10/2017;15.900.000;15.940.000;15.650.000;15.660.000;14.527.822;47798600
05/10/2017;15.880.000;16.110.001;15.850.000;15.900.000;14.750.471;55361300
06/10/2017;15.660.000;15.770.000;15.540.000;15.690.000;14.555.655;41741300
09/10/2017;15.610.000;15.890.000;15.590.000;15.890.000;14.741.195;27904700
10/10/2017;16.129.999;16.190.001;16.010.000;16.190.001;15.019.506;47066600
11/10/2017;16.170.000;16.250.000;16.010.000;16.080.000;14.917.458;40422100
12/10/2017;16.080.000;16.080.000;16.080.000;16.080.000;14.917.458;0
13/10/2017;16.230.000;16.290.001;16.059.999;16.080.000;14.917.458;24210000
16/10/2017;16.160.000;16.260.000;16.000.000;16.120.001;14.954.567;44699700
17/10/2017;16.139.999;16.219.999;16.070.000;16.129.999;14.963.841;25524800
18/10/2017;16.219.999;16.280.001;16.129.999;16.160.000;14.991.674;25706200
19/10/2017;16.000.000;16.160.000;15.900.000;16.150.000;14.982.396;24672800
20/10/2017;16.190.001;16.389.999;16.170.000;16.219.999;15.047.336;32417500
23/10/2017;16.290.001;16.290.001;16.120.001;16.200.001;15.028.782;29389900
24/10/2017;16.290.001;16.510.000;16.120.001;16.510.000;15.316.370;46249500
25/10/2017;16.530.001;16.730.000;16.450.001;16.719.999;15.511.187;37608200
26/10/2017;16.780.001;16.889.999;16.660.000;16.730.000;15.520.465;37848300
27/10/2017;16.770.000;17.090.000;16.650.000;17.030.001;15.798.776;45640100
30/10/2017;16.969.999;17.170.000;16.740.000;16.780.001;15.566.852;55355600
31/10/2017;16.900.000;16.950.001;16.719.999;16.770.000;15.557.574;32249000
01/11/2017;16.990.000;17.100.000;16.879.999;16.900.000;15.678.174;38876600
02/11/2017;16.900.000;16.900.000;16.900.000;16.900.000;15.678.174;0
03/11/2017;16.959.999;17.010.000;16.680.000;16.940.001;15.715.283;32605400
06/11/2017;17.049.999;17.440.001;16.980.000;17.430.000;16.169.861;46056100
07/11/2017;17.309.999;17.350.000;16.500.000;16.500.000;15.307.093;61098400
08/11/2017;16.690.001;16.950.001;16.510.000;16.950.001;15.724.561;41179600
09/11/2017;16.889.999;16.940.001;16.719.999;16.719.999;15.511.187;29399400
10/11/2017;16.709.999;16.809.999;16.510.000;16.719.999;15.511.187;35959400
13/11/2017;16.690.001;16.770.000;16.389.999;16.639.999;15.436.972;28697700
14/11/2017;16.639.999;16.639.999;15.280.000;15.350.000;14.240.236;88765600
15/11/2017;15.350.000;15.350.000;15.350.000;15.350.000;14.240.236;0
16/11/2017;15.620.000;16.040.001;15.480.000;15.810.000;14.666.978;42703800
17/11/2017;15.920.000;16.120.001;15.810.000;16.020.000;14.861.795;38376900
20/11/2017;16.020.000;16.020.000;16.020.000;16.020.000;14.861.795;0
21/11/2017;16.150.000;16.309.999;15.850.000;15.900.000;14.750.471;45817800
22/11/2017;16.090.000;16.240.000;15.930.000;16.110.001;14.945.287;37444900
23/11/2017;15.980.000;16.260.000;15.940.000;16.190.001;15.019.506;15403600
24/11/2017;16.250.000;16.370.001;16.040.001;16.100.000;14.936.012;18790700
27/11/2017;16.010.000;16.020.000;15.780.000;15.870.000;14.722.640;28445800
28/11/2017;15.930.000;16.040.001;15.810.000;15.840.000;14.694.810;30429600
29/11/2017;15.870.000;15.920.000;15.320.000;15.330.000;14.221.682;45973000
30/11/2017;15.300.000;15.470.000;14.990.000;15.380.000;14.268.068;52811400
01/12/2017;15.340.000;15.770.000;15.260.000;15.610.000;14.481.437;42703800
04/12/2017;15.650.000;15.800.000;15.460.000;15.480.000;14.360.837;43821500
05/12/2017;15.500.000;15.830.000;15.210.000;15.310.000;14.203.128;30228000
06/12/2017;15.220.000;15.700.000;15.140.000;15.520.000;14.397.944;39238500
07/12/2017;15.300.000;15.490.000;15.070.000;15.260.000;14.156.743;37281400
08/12/2017;15.510.000;15.680.000;15.350.000;15.350.000;14.240.236;39584500
11/12/2017;15.480.000;15.570.000;15.370.000;15.380.000;14.268.068;21281600
12/12/2017;15.360.000;15.490.000;15.180.000;15.490.000;14.370.115;36201200
13/12/2017;15.650.000;15.680.000;15.110.000;15.180.000;14.082.524;46828900
14/12/2017;15.100.000;15.310.000;15.000.000;15.010.000;13.924.817;37177300
15/12/2017;15.050.000;15.240.000;14.950.000;14.950.000;13.869.155;55668300
18/12/2017;15.160.000;15.330.000;15.130.000;15.220.000;14.119.635;42760400
19/12/2017;15.180.000;15.250.000;15.060.000;15.140.000;14.045.419;22639700
20/12/2017;15.210.000;15.300.000;15.170.000;15.240.000;14.138.189;20149700
21/12/2017;15.310.000;15.870.000;15.300.000;15.860.000;14.713.363;47219400
22/12/2017;15.750.000;15.890.000;15.690.000;15.750.000;14.611.317;18708500
25/12/2017;15.750.000;15.750.000;15.750.000;15.750.000;14.611.317;0
26/12/2017;15.750.000;15.990.000;15.690.000;15.970.000;14.815.412;22173100
27/12/2017;15.990.000;16.139.999;15.980.000;16.049.999;14.889.627;23552200
28/12/2017;16.100.000;16.129.999;16.000.000;16.100.000;14.936.012;19011500
29/12/2017;16.100.000;16.100.000;16.100.000;16.100.000;14.936.012;0
02/01/2018;16.190.001;16.549.999;16.190.001;16.549.999;15.353.477;33461800
03/01/2018;16.490.000;16.719.999;16.370.001;16.700.001;15.492.632;55940900
04/01/2018;16.780.001;16.959.999;16.620.001;16.730.000;15.520.465;37064900
05/01/2018;16.700.001;16.860.001;16.570.000;16.830.000;15.613.236;26958200
08/01/2018;16.740.000;17.030.001;16.709.999;17.030.001;15.798.776;28400000
09/01/2018;17.030.001;17.160.000;16.959.999;17.030.001;15.798.776;35070900
10/01/2018;16.920.000;17.049.999;16.770.000;16.799.999;15.585.404;28547700
11/01/2018;16.879.999;17.299.999;16.840.000;17.250.000;16.002.871;37921500
12/01/2018;17.040.001;17.410.000;17.020.000;17.299.999;16.049.253;45912100
15/01/2018;17.320.000;17.440.001;17.150.000;17.350.000;16.095.642;28945400
16/01/2018;17.350.000;17.840.000;17.299.999;17.650.000;16.373.951;58618300
17/01/2018;17.920.000;18.360.001;17.809.999;18.360.001;17.032.618;58488900
18/01/2018;18.350.000;18.530.001;17.930.000;18.219.999;16.902.740;48575800
19/01/2018;18.309.999;18.420.000;18.030.001;18.260.000;16.939.850;33470200
22/01/2018;18.260.000;18.469.999;18.090.000;18.469.999;17.134.665;33920000
23/01/2018;18.400.000;18.459.999;18.000.000;18.240.000;16.921.295;35567700
24/01/2018;18.420.000;19.629.999;18.420.000;19.340.000;17.941.769;89768200
25/01/2018;19.340.000;19.340.000;19.340.000;19.340.000;17.941.769;0
26/01/2018;19.620.001;19.980.000;19.100.000;19.930.000;18.489.113;81989500
29/01/2018;19.670.000;20.049.999;19.570.000;19.850.000;18.414.898;55726200
30/01/2018;19.770.000;19.770.000;19.360.001;19.490.000;18.080.923;46203000
31/01/2018;19.740.000;19.930.000;19.680.000;19.700.001;18.275.742;41576600
01/02/2018;19.760.000;20.620.001;19.760.000;20.520.000;19.036.455;51950200
02/02/2018;20.299.999;20.420.000;19.850.000;19.969.999;18.526.222;50657800
05/02/2018;19.650.000;19.969.999;19.040.001;19.040.001;17.663.456;62268600
06/02/2018;18.660.000;19.990.000;18.620.001;19.990.000;18.544.773;74146500
07/02/2018;19.969.999;20.219.999;19.360.001;19.440.001;18.034.540;61910300
08/02/2018;19.549.999;19.740.000;18.799.999;19.049.999;17.672.733;51115100
09/02/2018;19.030.001;19.389.999;18.510.000;18.770.000;17.412.977;68727600
14/02/2018;null;null;null;null;null;null
15/02/2018;19.500.000;19.540.001;19.170.000;19.400.000;17.997.429;31978000
16/02/2018;19.459.999;19.580.000;19.309.999;19.420.000;18.015.985;34736300
19/02/2018;19.549.999;20.100.000;19.549.999;20.049.999;18.600.435;40925500
20/02/2018;19.879.999;20.820.000;19.820.000;20.440.001;18.962.244;67418700
21/02/2018;20.590.000;20.879.999;20.250.000;20.250.000;18.785.978;55678400
22/02/2018;20.590.000;20.820.000;20.540.001;20.740.000;19.240.553;38170900
23/02/2018;20.950.001;21.139.999;20.620.001;21.120.001;19.593.082;55755600
26/02/2018;21.400.000;21.690.001;21.379.999;21.520.000;19.964.159;48160500
27/02/2018;21.469.999;21.850.000;21.340.000;21.500.000;19.945.608;42912500
28/02/2018;21.629.999;21.770.000;21.180.000;21.459.999;19.908.497;66229400
01/03/2018;21.400.000;21.459.999;20.760.000;21.030.001;19.509.588;66380900
02/03/2018;20.700.001;21.510.000;20.510.000;21.510.000;19.954.885;52682900
05/03/2018;21.490.000;22.170.000;21.360.001;22.120.001;20.520.782;54242600
06/03/2018;22.500.000;22.629.999;21.860.001;21.900.000;20.316.685;57240800
07/03/2018;21.690.001;21.969.999;21.370.001;21.670.000;20.103.313;50956600
08/03/2018;21.850.000;21.879.999;21.320.000;21.700.001;20.131.145;36156800
09/03/2018;21.780.001;22.389.999;21.590.000;22.389.999;20.771.261;45560000
12/03/2018;22.540.001;22.590.000;22.230.000;22.330.000;20.715.599;32363900
13/03/2018;22.450.001;22.540.001;22.059.999;22.110.001;20.511.503;34732800
14/03/2018;22.299.999;22.440.001;22.090.000;22.379.999;20.761.984;31947600
15/03/2018;22.049.999;22.180.000;21.309.999;21.309.999;19.769.344;81097800
16/03/2018;21.469.999;21.740.000;21.230.000;21.430.000;19.880.665;57891900
19/03/2018;21.270.000;21.360.001;20.860.001;20.930.000;19.416.815;42218400
20/03/2018;21.180.000;21.410.000;21.110.001;21.160.000;19.630.184;30106800
21/03/2018;21.250.000;22.090.000;21.200.001;22.049.999;20.455.839;53106300
22/03/2018;21.860.001;22.040.001;21.580.000;21.719.999;20.149.700;50033300
23/03/2018;21.610.001;22.110.001;21.530.001;21.750.000;20.177.530;52815800
26/03/2018;22.070.000;22.200.001;21.840.000;22.030.001;20.437.290;30174900
27/03/2018;22.139.999;22.180.000;21.370.001;21.440.001;19.889.946;43568100
28/03/2018;21.260.000;21.410.000;20.990.000;21.200.001;19.667.297;38539300
29/03/2018;21.260.000;21.559.999;21.230.000;21.410.000;19.862.118;34318800
02/04/2018;21.360.001;21.459.999;20.770.000;20.900.000;19.388.987;37275000
03/04/2018;21.110.001;21.190.001;20.660.000;20.709.999;19.212.721;39245800
04/04/2018;20.309.999;20.600.000;20.110.001;20.379.999;18.906.578;58475700
05/04/2018;21.150.000;21.330.000;21.030.001;21.150.000;19.620.909;88599000
06/04/2018;20.980.000;21.280.001;20.830.000;21.280.001;19.741.512;47908900
09/04/2018;21.430.000;21.440.001;20.530.001;20.530.001;19.045.736;44248900
10/04/2018;20.910.000;21.510.000;20.760.000;21.400.000;19.852.839;58545100
11/04/2018;21.350.000;21.900.000;21.330.000;21.799.999;20.223.915;62378300
12/04/2018;21.790.001;21.940.001;21.680.000;21.680.000;20.112.591;36238700
13/04/2018;21.639.999;21.740.000;21.059.999;21.200.001;19.667.297;43347800
16/04/2018;21.049.999;21.240.000;20.600.000;20.620.001;19.129.229;48474200
17/04/2018;20.700.001;21.080.000;20.620.001;21.030.001;19.509.588;36570400
18/04/2018;21.350.000;21.870.001;21.309.999;21.799.999;20.223.915;65237400
19/04/2018;22.070.000;22.400.000;21.930.000;22.200.001;20.594.999;62475200
20/04/2018;22.059.999;22.459.999;21.900.000;22.360.001;20.743.429;61494800
23/04/2018;22.090.000;22.480.000;21.940.001;22.480.000;20.854.753;37023300
24/04/2018;22.600.000;22.770.000;22.230.000;22.400.000;20.780.537;46710300
25/04/2018;22.010.000;22.129.999;21.670.000;21.730.000;20.158.974;68160600
26/04/2018;22.000.000;22.629.999;21.969.999;22.629.999;20.993.908;56674700
27/04/2018;22.840.000;22.930.000;22.660.000;22.709.999;21.068.127;37858300
30/04/2018;22.730.000;23.020.000;22.629.999;22.969.999;21.309.328;23681500
02/05/2018;22.670.000;22.930.000;22.510.000;22.600.000;20.966.080;31778100
03/05/2018;22.540.001;22.639.999;21.969.999;22.450.001;20.826.925;48855700
04/05/2018;22.450.001;22.639.999;22.270.000;22.270.000;20.659.937;33599400
07/05/2018;22.570.000;23.170.000;22.490.000;22.650.000;21.012.461;47815100
08/05/2018;23.059.999;23.150.000;22.520.000;22.910.000;21.253.666;81198700
09/05/2018;23.299.999;24.799.999;23.219.999;24.780.001;22.988.474;118032300
10/05/2018;25.139.999;26.490.000;24.920.000;25.750.000;23.888.344;126907200
11/05/2018;25.830.000;26.309.999;25.420.000;25.440.001;23.600.756;72996400
14/05/2018;25.850.000;26.480.000;25.809.999;26.240.000;24.342.916;66938700
15/05/2018;26.350.000;26.900.000;25.889.999;26.790.001;24.853.155;75230200
16/05/2018;26.870.001;27.530.001;26.840.000;27.389.999;25.409.775;64486500
17/05/2018;27.350.000;27.600.000;25.469.999;25.950.001;24.073.887;112487000
18/05/2018;25.010.000;26.170.000;24.959.999;25.650.000;23.795.570;83206900
21/05/2018;26.100.000;26.290.001;24.940.001;25.049.999;23.238.951;75971900
22/05/2018;24.809.999;25.290.001;24.150.000;24.709.999;22.969.378;88109900
23/05/2018;24.230.000;24.480.000;23.270.000;23.270.000;21.630.814;74622500
24/05/2018;20.049.999;20.750.000;19.650.000;20.080.000;18.665.527;240343800
25/05/2018;20.650.000;21.270.000;19.660.000;19.799.999;18.405.247;131188100
28/05/2018;19.200.001;19.200.001;16.910.000;16.910.000;15.718.826;134504900
29/05/2018;18.000.000;19.440.001;17.600.000;19.299.999;17.940.468;181509800
30/05/2018;18.389.999;19.969.999;18.129.999;18.980.000;17.643.011;125430000
01/06/2018;19.559.999;19.750.000;14.900.000;16.160.000;15.021.658;216954700
04/06/2018;17.290.001;17.639.999;17.049.999;17.530.001;16.295.155;93547600
05/06/2018;17.360.001;17.799.999;16.590.000;16.590.000;15.421.369;67006400
06/06/2018;16.469.999;16.680.000;15.870.000;16.330.000;15.179.682;69496800
07/06/2018;16.000.000;16.160.000;14.930.000;15.760.000;14.649.835;118752700
08/06/2018;15.810.000;16.190.001;15.060.000;15.250.000;14.175.758;91461500
11/06/2018;15.500.000;15.800.000;15.130.000;15.410.000;14.324.490;44872500
12/06/2018;15.480.000;15.680.000;15.240.000;15.460.000;14.370.966;69592600
13/06/2018;15.420.000;15.500.000;14.740.000;15.170.000;14.101.396;72301200
14/06/2018;15.330.000;15.550.000;15.050.000;15.100.000;14.036.326;57324600
15/06/2018;15.030.000;15.070.000;14.470.000;14.970.000;13.915.483;75239300
18/06/2018;14.770.000;14.890.000;14.500.000;14.500.000;13.478.589;47363800
19/06/2018;14.260.000;15.720.000;14.170.000;15.420.000;14.333.785;97301500
20/06/2018;15.840.000;16.480.000;15.800.000;16.209.999;15.068.134;88397300
21/06/2018;16.090.000;16.320.000;15.100.000;15.100.000;14.036.326;67884300
22/06/2018;15.410.000;15.680.000;15.010.000;15.110.000;14.045.623;52184500
25/06/2018;15.200.000;15.790.000;15.060.000;15.700.000;14.594.062;60347200
26/06/2018;15.900.000;16.120.001;15.530.000;16.040.001;14.910.110;59595900
27/06/2018;16.100.000;16.980.000;16.059.999;16.549.999;15.384.184;78095000
28/06/2018;16.719.999;17.070.000;16.330.000;16.600.000;15.430.660;94960700
29/06/2018;16.850.000;17.190.001;16.730.000;17.190.001;15.979.101;75735100
02/07/2018;16.990.000;17.480.000;16.900.000;17.469.999;16.239.378;54545600
03/07/2018;17.740.000;17.889.999;17.459.999;17.500.000;16.267.267;57456700
04/07/2018;17.379.999;18.450.001;17.240.000;17.610.001;16.369.518;54211000
05/07/2018;18.600.000;18.799.999;17.650.000;17.860.001;16.601.904;76084700
06/07/2018;17.969.999;18.090.000;17.650.000;17.940.001;16.676.273;33878700
10/07/2018;18.340.000;18.350.000;17.549.999;17.750.000;16.499.655;70886200
11/07/2018;17.490.000;18.080.000;17.299.999;17.410.000;16.183.607;85806300
12/07/2018;17.620.001;18.020.000;17.520.000;17.950.001;16.685.568;49397900
13/07/2018;17.990.000;18.180.000;17.780.001;18.110.001;16.834.299;44951900
16/07/2018;17.950.001;17.980.000;17.600.000;17.879.999;16.620.497;62798900
17/07/2018;17.790.001;18.400.000;17.709.999;18.290.001;17.001.617;40884300
18/07/2018;18.250.000;18.400.000;17.940.001;18.049.999;16.778.519;40643800
19/07/2018;17.840.000;18.400.000;17.740.000;18.400.000;17.103.868;60404900
20/07/2018;19.170.000;19.480.000;18.930.000;19.290.001;17.931.173;98035200
23/07/2018;19.299.999;19.469.999;19.209.999;19.260.000;17.903.286;35231500
24/07/2018;19.570.000;19.870.001;19.530.001;19.660.000;18.275.108;39934600
25/07/2018;19.799.999;20.000.000;19.610.001;19.959.999;18.553.978;48759900
26/07/2018;19.950.001;19.950.001;19.370.001;19.410.000;18.042.723;48144300
27/07/2018;19.600.000;19.809.999;19.549.999;19.770.000;18.377.363;36509400
30/07/2018;19.950.001;20.100.000;19.700.001;19.889.999;18.488.905;37053900
31/07/2018;19.620.001;19.790.001;19.469.999;19.719.999;18.330.885;38641200
01/08/2018;19.590.000;20.010.000;19.540.001;20.010.000;18.600.458;39141700
02/08/2018;19.990.000;20.780.001;19.950.001;20.410.000;18.972.279;69008900
03/08/2018;21.400.000;21.549.999;21.090.000;21.110.001;19.622.972;86908000
06/08/2018;21.150.000;21.469.999;20.980.000;21.040.001;19.557.903;44528300
07/08/2018;21.330.000;21.459.999;20.570.000;20.709.999;19.251.146;69136700
08/08/2018;20.809.999;21.070.000;20.120.001;20.139.999;18.721.298;58211500
09/08/2018;20.260.000;20.350.000;19.799.999;20.340.000;18.907.209;51253100
10/08/2018;20.100.000;20.150.000;19.360.001;19.590.000;18.210.039;61789800
13/08/2018;19.500.000;20.040.001;19.270.000;20.040.001;18.628.344;58306700
14/08/2018;20.280.001;20.309.999;19.730.000;19.980.000;18.619.022;55180600
15/08/2018;19.639.999;19.670.000;19.049.999;19.049.999;17.752.371;65651700
16/08/2018;19.320.000;19.350.000;18.770.000;18.950.001;17.659.185;51201600
17/08/2018;18.750.000;18.860.001;18.400.000;18.459.999;17.202.559;68328400
20/08/2018;18.370.001;18.510.000;18.090.000;18.360.001;17.109.371;56315600
21/08/2018;18.270.000;18.530.001;17.650.000;17.719.999;16.512.968;68735300
22/08/2018;17.700.001;18.379.999;17.650.000;18.350.000;17.100.052;56623700
23/08/2018;18.350.000;18.520.000;17.879.999;17.950.001;16.727.301;56284100
24/08/2018;18.350.000;18.440.001;18.049.999;18.299.999;17.053.459;37893000
27/08/2018;18.410.000;18.760.000;18.299.999;18.709.999;17.435.530;35428000
28/08/2018;18.760.000;18.850.000;18.340.000;18.350.000;17.100.052;38079200
29/08/2018;18.500.000;19.309.999;18.450.001;19.299.999;17.985.340;71434300
30/08/2018;19.150.000;19.540.001;18.680.000;18.799.999;17.519.402;63981900
31/08/2018;18.950.001;19.430.000;18.910.000;19.260.000;17.948.069;75767400
03/09/2018;18.990.000;19.129.999;18.760.000;19.000.000;17.705.780;25401600
04/09/2018;19.129.999;19.190.001;18.620.001;18.650.000;17.379.620;39759800
05/09/2018;18.559.999;18.799.999;18.230.000;18.750.000;17.472.809;53967300
06/09/2018;18.990.000;19.020.000;18.480.000;18.990.000;17.696.459;54304300
10/09/2018;19.360.001;19.600.000;19.049.999;19.260.000;17.948.069;58578100
11/09/2018;18.870.001;18.889.999;18.430.000;18.500.000;17.239.834;56495200
12/09/2018;18.809.999;19.219.999;18.639.999;18.950.001;17.659.185;59695700
13/09/2018;19.030.001;19.129.999;18.620.001;18.709.999;17.435.530;36808700
14/09/2018;18.799.999;18.959.999;18.480.000;18.790.001;17.510.080;55756300
17/09/2018;18.629.999;19.490.000;18.629.999;19.400.000;18.078.529;71289500
18/09/2018;19.500.000;20.250.000;19.469.999;20.250.000;18.870.634;72959100
19/09/2018;19.930.000;20.459.999;19.830.000;19.980.000;18.619.022;60563700
20/09/2018;20.260.000;20.350.000;19.750.000;19.870.001;18.516.520;56206900
21/09/2018;20.150.000;20.299.999;19.950.001;20.139.999;18.768.126;58517300
24/09/2018;20.200.001;20.410.000;19.920.000;20.000.000;18.637.659;54332900
25/09/2018;19.700.001;20.150.000;19.530.001;20.080.000;18.712.212;54462300
26/09/2018;20.240.000;20.299.999;19.969.999;20.190.001;18.814.716;60060800
27/09/2018;20.500.000;21.459.999;20.469.999;21.459.999;19.998.211;104177300
28/09/2018;21.129.999;21.940.001;21.020.000;21.090.000;19.653.410;91254600
01/10/2018;21.250.000;21.360.001;20.799.999;21.000.000;19.569.546;56540400
02/10/2018;22.000.000;22.820.000;21.900.000;22.820.000;21.265.570;127231800
03/10/2018;25.250.000;25.420.000;23.459.999;23.790.001;22.169.500;152189200
04/10/2018;23.450.001;24.520.000;23.209.999;24.020.000;22.383.833;99743300
05/10/2018;24.490.000;24.590.000;23.660.000;23.959.999;22.327.917;104693400
08/10/2018;26.940.001;26.969.999;25.750.000;26.600.000;24.788.090;188109000
09/10/2018;26.480.000;27.000.000;26.280.001;26.820.000;24.993.103;90128800
10/10/2018;26.309.999;26.389.999;25.650.000;26.049.999;24.275.553;82688000
11/10/2018;26.549.999;26.750.000;25.059.999;25.290.001;23.567.324;119307500
15/10/2018;25.900.000;26.120.001;25.549.999;25.770.000;24.014.626;92331900
16/10/2018;26.200.001;26.730.000;26.090.000;26.730.000;24.909.235;74144800
17/10/2018;26.440.001;26.629.999;26.260.000;26.450.001;24.648.308;80990300
18/10/2018;26.290.001;26.340.000;25.700.001;25.700.001;23.949.390;56268900
19/10/2018;26.290.001;26.340.000;25.700.001;25.920.000;24.154.408;61858300
22/10/2018;26.270.000;26.600.000;26.270.000;26.530.001;24.722.858;63678000
23/10/2018;26.150.000;26.480.000;25.809.999;26.200.001;24.415.339;77457300
24/10/2018;26.410.000;26.990.000;25.680.000;25.680.000;23.930.756;93377100
25/10/2018;26.180.000;26.639.999;25.690.001;26.320.000;24.527.163;79732200
26/10/2018;26.650.000;27.600.000;26.120.001;27.600.000;25.719.973;110184900
29/10/2018;26.750.000;27.270.000;25.969.999;26.420.000;24.620.350;160890100
30/10/2018;26.700.001;28.000.000;26.420.000;28.000.000;26.092.728;107525500
31/10/2018;28.260.000;28.330.000;27.299.999;27.620.001;25.738.611;84131500
01/11/2018;27.760.000;28.020.000;27.110.001;27.320.000;25.459.047;98037100
05/11/2018;27.500.000;28.160.000;27.410.000;28.160.000;26.241.823;60389900
06/11/2018;27.299.999;28.299.999;26.990.000;27.190.001;25.337.904;95344400
07/11/2018;27.610.001;27.650.000;26.260.000;26.299.999;24.508.526;95817100
08/11/2018;26.799.999;27.030.001;25.350.000;25.350.000;23.623.232;119096300
09/11/2018;25.200.001;25.719.999;24.680.000;25.459.999;23.725.742;94206400
12/11/2018;25.540.001;25.920.000;25.290.001;25.330.000;23.604.595;63162600
13/11/2018;25.320.000;25.320.000;23.950.001;24.240.000;22.588.844;112776300
14/11/2018;24.240.000;25.190.001;23.910.000;25.100.000;23.390.265;104423900
16/11/2018;25.389.999;26.040.001;25.170.000;25.799.999;24.042.585;100628900
19/11/2018;25.559.999;26.290.001;25.430.000;26.000.000;24.228.960;79946400
21/11/2018;25.100.000;25.480.000;25.010.000;25.170.000;23.455.498;77228100
22/11/2018;25.280.001;25.360.001;25.070.000;25.150.000;23.530.344;31253600
23/11/2018;24.650.000;24.799.999;24.010.000;24.370.001;22.800.577;77961200
26/11/2018;24.799.999;24.990.000;24.049.999;24.250.000;22.688.305;62111600
27/11/2018;24.370.001;25.700.001;24.270.000;25.530.001;23.885.872;90759000
28/11/2018;25.500.000;25.870.001;25.049.999;25.379.999;23.745.529;92811300
29/11/2018;24.959.999;25.500.000;24.879.999;25.170.000;23.549.059;65584300
30/11/2018;25.110.001;25.559.999;25.070.000;25.459.999;23.820.381;90874500
03/12/2018;26.299.999;26.530.001;25.799.999;25.940.001;24.269.470;90530000
04/12/2018;26.250.000;26.330.000;25.340.000;25.340.000;23.708.111;66867500
05/12/2018;25.469.999;25.719.999;24.950.001;25.559.999;23.913.942;54183300
06/12/2018;24.990.000;25.120.001;24.309.999;24.590.000;23.006.409;99037200
07/12/2018;24.520.000;25.469.999;24.450.001;24.770.000;23.174.818;87994700
10/12/2018;24.770.000;24.900.000;23.440.001;23.440.001;21.930.471;73871100
11/12/2018;23.920.000;24.070.000;23.070.000;23.290.001;21.790.129;64017600
12/12/2018;23.740.000;23.900.000;23.200.001;23.299.999;21.799.484;63296400
13/12/2018;23.290.001;23.450.001;22.959.999;23.360.001;21.855.625;61946100
14/12/2018;23.080.000;23.330.000;22.959.999;23.049.999;21.565.582;45231700
17/12/2018;23.219.999;23.270.000;22.799.999;22.870.001;21.397.179;53832000
18/12/2018;22.780.001;22.799.999;22.000.000;22.000.000;20.583.208;74740000
19/12/2018;22.500.000;23.049.999;22.059.999;22.250.000;20.817.106;171157500
20/12/2018;22.309.999;22.320.000;21.350.000;21.490.000;20.106.049;141767000
21/12/2018;21.400.000;21.980.000;21.250.000;21.549.999;20.162.184;90384300
26/12/2018;20.590.000;21.680.000;20.420.000;21.680.000;20.981.472;77104200
27/12/2018;21.520.000;21.980.000;21.280.001;21.670.000;20.971.794;74083700
28/12/2018;22.110.001;22.830.000;22.080.000;22.680.000;21.949.251;61634700
02/01/2019;22.549.999;24.200.001;22.280.001;24.059.999;23.284.786;104534800
03/01/2019;23.959.999;24.820.000;23.799.999;24.650.000;23.855.778;95206400
04/01/2019;24.850.000;24.940.001;24.469.999;24.719.999;23.923.521;72119800
07/01/2019;24.850.000;25.920.000;24.700.001;25.110.001;24.300.957;121711900
08/01/2019;25.400.000;25.420.000;24.770.000;24.959.999;24.155.787;68761800
09/01/2019;25.299.999;25.500.000;25.150.000;25.480.000;24.659.035;70177600
10/01/2019;25.260.000;25.410.000;25.070.000;25.260.000;24.446.121;54763700
11/01/2019;25.150.000;25.190.001;24.840.000;24.990.000;24.184.822;53980700
14/01/2019;24.820.000;25.090.000;24.660.000;24.850.000;24.049.332;46577300
15/01/2019;24.830.000;25.120.001;24.700.001;24.830.000;24.029.978;53731500
16/01/2019;24.799.999;24.900.000;24.660.000;24.820.000;24.020.298;40425000
17/01/2019;24.750.000;25.299.999;24.680.000;25.160.000;24.349.348;50359400
18/01/2019;25.440.001;25.559.999;25.280.001;25.400.000;24.581.610;67021300
21/01/2019;25.309.999;25.530.001;25.100.000;25.530.001;24.707.422;45336500
22/01/2019;25.260.000;25.500.000;25.020.000;25.129.999;24.320.309;61307000
23/01/2019;25.330.000;25.540.001;25.160.000;25.430.000;24.610.645;52931600
24/01/2019;25.400.000;25.540.001;25.320.000;25.540.001;24.717.100;40109000
28/01/2019;25.290.001;25.530.001;24.740.000;24.770.000;23.971.912;65079900
29/01/2019;25.250.000;25.559.999;25.110.001;25.370.001;24.552.580;59419200
30/01/2019;25.809.999;25.930.000;25.469.999;25.620.001;24.794.523;62607500
31/01/2019;25.870.001;25.959.999;25.559.999;25.580.000;24.755.814;63253600
01/02/2019;25.500.000;25.850.000;25.370.001;25.799.999;24.968.725;47957400
04/02/2019;25.840.000;26.120.001;25.600.000;26.030.001;25.191.313;53874900
05/02/2019;25.910.000;26.100.000;25.809.999;26.080.000;25.239.702;40989100
06/02/2019;25.799.999;25.840.000;25.320.000;25.490.000;24.668.713;64527000
07/02/2019;25.600.000;25.850.000;24.660.000;25.090.000;24.281.601;55614100
08/02/2019;24.799.999;25.280.001;24.730.000;25.129.999;24.320.309;40153900
11/02/2019;25.170.000;25.170.000;24.540.001;24.840.000;24.039.656;39617300
12/02/2019;25.320.000;25.850.000;25.230.000;25.719.999;24.891.302;72467200
13/02/2019;26.020.000;26.209.999;25.850.000;26.049.999;25.210.669;69042200
14/02/2019;26.170.000;26.950.001;26.000.000;26.950.001;26.081.671;81125500
15/02/2019;26.860.001;27.020.000;26.709.999;26.840.000;25.975.216;63841800
18/02/2019;26.590.000;26.790.001;26.410.000;26.760.000;25.897.791;43379000
19/02/2019;26.860.001;27.400.000;26.840.000;27.379.999;26.497.816;58041900
20/02/2019;27.500.000;27.660.000;26.870.001;27.040.001;26.168.770;55114500
21/02/2019;27.180.000;27.490.000;26.820.000;27.400.000;26.517.170;46559400
22/02/2019;27.549.999;27.700.001;27.129.999;27.129.999;26.255.873;36602000
25/02/2019;27.000.000;27.030.001;26.629.999;26.700.001;25.839.725;54190800
26/02/2019;26.760.000;27.139.999;26.570.000;26.580.000;25.723.595;46504200
27/02/2019;26.840.000;27.250.000;26.629.999;27.080.000;26.207.481;49131400
28/02/2019;27.719.999;27.750.000;26.600.000;27.059.999;26.188.128;93065100
01/03/2019;27.139.999;27.250.000;26.629.999;26.700.001;25.839.725;41978700
06/03/2019;null;null;null;null;null;null
07/03/2019;26.799.999;26.910.000;26.490.000;26.770.000;25.907.471;32835300
08/03/2019;26.490.000;26.750.000;26.219.999;26.670.000;25.810.690;49564400
11/03/2019;27.020.000;27.780.001;27.010.000;27.750.000;26.855.896;66742800
12/03/2019;27.790.001;27.959.999;27.250.000;27.500.000;26.613.947;64287300
13/03/2019;27.590.000;28.129.999;27.520.000;28.100.000;27.194.620;61057200
14/03/2019;28.150.000;28.200.001;27.910.000;28.190.001;27.281.719;42777800
15/03/2019;28.160.000;28.389.999;28.110.001;28.250.000;27.339.785;61041100
18/03/2019;28.350.000;28.790.001;28.260.000;28.740.000;27.813.999;91920600
19/03/2019;28.850.000;29.500.000;28.600.000;29.200.001;28.259.174;69423600
20/03/2019;29.200.001;29.600.000;28.900.000;28.969.999;28.036.585;68878000
21/03/2019;28.840.000;28.969.999;27.920.000;28.559.999;27.639.797;80121300
22/03/2019;27.940.001;28.139.999;27.000.000;27.000.000;26.130.060;104731100
25/03/2019;26.830.000;27.590.000;26.820.000;27.340.000;26.459.105;104772900
26/03/2019;27.740.000;28.680.000;27.719.999;28.629.999;27.707.539;91549100
27/03/2019;28.209.999;28.209.999;27.340.000;27.340.000;26.459.105;66415400
28/03/2019;27.250.000;28.059.999;26.950.001;28.059.999;27.155.905;69412700
29/03/2019;28.450.001;28.530.001;27.740.000;28.059.999;27.155.905;51587400
01/04/2019;28.400.000;28.420.000;27.870.001;28.000.000;27.097.839;42289800
02/04/2019;28.139.999;28.299.999;27.860.001;28.290.001;27.378.498;38460600
03/04/2019;28.530.001;28.559.999;27.540.001;27.540.001;26.652.662;55120900
04/04/2019;27.770.000;28.469.999;27.370.001;28.469.999;27.552.694;52248100
05/04/2019;28.540.001;28.889.999;28.209.999;28.780.001;27.852.707;54708900
08/04/2019;29.059.999;29.389.999;28.980.000;29.250.000;28.307.562;55270000
09/04/2019;29.030.001;29.240.000;28.670.000;29.160.000;28.220.467;43863700
10/04/2019;29.549.999;29.570.000;28.780.001;28.780.001;27.852.707;62005200
11/04/2019;28.700.001;28.700.001;27.870.001;28.000.000;27.097.839;56126400
12/04/2019;26.469.999;26.969.999;25.570.000;25.830.000;24.997.759;227307600
15/04/2019;26.350.000;26.580.000;25.549.999;25.930.000;25.094.536;117567200
16/04/2019;25.950.001;27.059.999;25.629.999;26.719.999;25.859.081;95149300
17/04/2019;27.120.001;27.340.000;26.219.999;26.750.000;25.888.115;103988400
18/04/2019;27.360.001;27.889.999;27.250.000;27.600.000;26.710.730;100942100
22/04/2019;27.690.001;27.889.999;27.320.000;27.440.001;26.555.882;45321900
23/04/2019;27.719.999;28.000.000;27.680.000;27.680.000;26.788.151;52199500
24/04/2019;27.719.999;27.889.999;27.209.999;27.600.000;26.710.730;57704700
25/04/2019;27.450.001;28.070.000;27.430.000;27.799.999;26.904.285;55201700
26/04/2019;27.680.000;27.770.000;27.059.999;27.250.000;26.390.511;52616600
29/04/2019;27.549.999;27.620.001;27.340.000;27.370.001;26.506.727;27689800
30/04/2019;27.520.000;27.660.000;26.980.000;27.110.001;26.254.927;39570700
02/05/2019;26.799.999;26.820.000;26.520.000;26.730.000;25.886.911;37820300
03/05/2019;26.900.000;27.070.000;26.850.000;26.850.000;26.003.128;33334800
06/05/2019;26.389.999;26.770.000;26.360.001;26.770.000;25.925.652;31715900
07/05/2019;26.650.000;26.660.000;26.120.001;26.350.000;25.518.900;52454400
08/05/2019;26.309.999;27.469.999;26.290.001;27.370.001;26.506.727;71780300
09/05/2019;27.100.000;27.120.001;26.639.999;26.830.000;25.983.759;46663300
10/05/2019;26.870.001;26.920.000;26.420.000;26.680.000;25.838.490;33336000
13/05/2019;26.209.999;26.469.999;25.820.000;25.900.000;25.083.092;43146100
14/05/2019;26.170.000;26.230.000;25.850.000;26.000.000;25.179.937;34968600
15/05/2019;25.740.000;25.889.999;25.660.000;25.879.999;25.063.719;37053900
16/05/2019;25.770.000;26.040.001;25.240.000;25.270.000;24.472.963;46502200
17/05/2019;25.049.999;25.420.000;24.469.999;24.680.000;23.901.573;67291200
20/05/2019;24.680.000;25.520.000;24.639.999;25.520.000;24.715.078;54472000
21/05/2019;25.700.001;26.490.000;25.420.000;26.490.000;25.654.482;57846700
22/05/2019;26.340.000;26.469.999;25.959.999;26.290.001;25.557.270;48439300
23/05/2019;25.900.000;25.920.000;25.520.000;25.840.000;25.119.810;49527400
24/05/2019;26.150.000;26.360.001;25.930.000;26.090.000;25.362.844;35915100
27/05/2019;26.299.999;26.540.001;26.170.000;26.240.000;25.508.661;33892000
28/05/2019;26.129.999;26.799.999;26.129.999;26.799.999;26.053.053;60774600
29/05/2019;26.490.000;26.709.999;26.260.000;26.500.000;25.761.417;43124400
30/05/2019;26.510.000;26.860.001;25.990.000;26.150.000;25.421.173;71847200
31/05/2019;25.790.001;26.270.000;25.420.000;25.549.999;24.837.893;63137200
03/06/2019;25.879.999;26.320.000;25.850.000;25.990.000;25.265.629;53470600
04/06/2019;26.290.001;26.370.001;26.030.001;26.200.001;25.469.778;37331100
05/06/2019;26.180.000;26.290.001;25.559.999;25.860.001;25.139.256;65282100
06/06/2019;26.170.000;26.629.999;25.719.999;26.280.001;25.547.548;87836900
07/06/2019;26.690.001;26.830.000;26.370.001;26.760.000;26.014.168;52235500
10/06/2019;26.600.000;26.889.999;26.520.000;26.650.000;25.907.238;39666800
11/06/2019;26.889.999;27.290.001;26.709.999;27.160.000;26.403.021;52437000
12/06/2019;27.020.000;27.120.001;26.639.999;26.850.000;26.101.662;43392200
13/06/2019;27.150.000;27.389.999;27.080.000;27.180.000;26.422.464;48981600
14/06/2019;27.200.001;27.250.000;26.900.000;27.059.999;26.305.809;42802400
17/06/2019;27.080.000;27.430.000;26.959.999;27.110.001;26.354.416;49290000
18/06/2019;27.299.999;27.520.000;27.250.000;27.450.001;26.684.940;31332800
19/06/2019;27.350.000;27.590.000;27.219.999;27.520.000;26.752.989;33286300
21/06/2019;27.950.001;28.389.999;27.950.001;28.280.001;27.491.806;58424700
24/06/2019;28.320.000;28.379.999;28.120.001;28.250.000;27.462.641;27365000
25/06/2019;28.139.999;28.160.000;27.379.999;27.510.000;26.743.267;56472100
26/06/2019;27.549.999;27.930.000;27.520.000;27.670.000;26.898.808;48901500
27/06/2019;27.440.001;27.549.999;27.010.000;27.230.000;26.471.073;55219200
28/06/2019;27.450.001;27.610.001;27.110.001;27.410.000;26.646.055;40262000
01/07/2019;27.840.000;28.030.001;27.209.999;27.260.000;26.500.235;46759100
02/07/2019;27.260.000;27.260.000;26.650.000;26.820.000;26.072.496;57954200
03/07/2019;27.040.001;27.200.001;26.889.999;27.180.000;26.422.464;29291800
04/07/2019;27.379.999;27.580.000;27.320.000;27.389.999;26.626.610;28577400
05/07/2019;27.270.000;27.590.000;27.129.999;27.400.000;26.636.332;27414700
08/07/2019;27.500.000;27.719.999;27.440.001;27.650.000;26.879.366;25318200
10/07/2019;28.000.000;28.270.000;27.969.999;28.070.000;27.287.659;50715800
11/07/2019;28.200.001;28.510.000;28.160.000;28.400.000;27.608.461;48206900
12/07/2019;28.540.001;28.740.000;28.410.000;28.530.001;27.734.838;40908900
15/07/2019;28.590.000;28.650.000;28.180.000;28.180.000;27.394.594;36592400
16/07/2019;28.280.001;28.330.000;27.600.000;27.830.000;27.054.348;54789300
17/07/2019;27.990.000;28.000.000;27.639.999;27.680.000;26.908.527;28923500
18/07/2019;27.760.000;27.809.999;27.430.000;27.510.000;26.743.267;35830700
19/07/2019;27.500.000;27.600.000;27.370.001;27.440.001;26.675.219;28418900
22/07/2019;27.620.001;27.750.000;27.360.001;27.490.000;26.723.824;22304400
23/07/2019;27.510.000;27.629.999;27.400.000;27.520.000;26.752.989;21124400
24/07/2019;27.590.000;27.639.999;27.299.999;27.350.000;26.587.725;27939600
25/07/2019;27.469.999;27.500.000;26.809.999;26.889.999;26.140.547;26892300
26/07/2019;26.799.999;26.799.999;26.100.000;26.139.999;25.411.449;75644000
29/07/2019;26.219.999;26.440.001;25.959.999;26.379.999;25.644.756;26493300
30/07/2019;26.350.000;26.490.000;26.180.000;26.240.000;25.508.661;38201600
31/07/2019;26.389.999;26.500.000;26.020.000;26.080.000;25.353.123;39890200
01/08/2019;26.299.999;26.559.999;25.160.000;26.250.000;25.518.383;91345800
02/08/2019;26.370.001;26.889.999;26.280.001;26.520.000;25.780.861;64112900
05/08/2019;25.799.999;26.129.999;25.520.000;25.549.999;24.837.893;48277000
06/08/2019;25.900.000;26.219.999;25.680.000;25.879.999;25.158.695;44208100
07/08/2019;25.440.001;25.730.000;25.000.000;25.600.000;24.886.499;67698500
08/08/2019;26.100.000;26.350.000;25.860.001;26.350.000;25.615.601;50256700
09/08/2019;26.299.999;26.690.001;26.100.000;26.280.001;25.547.548;36641500
12/08/2019;25.920.000;25.920.000;25.540.001;25.650.000;24.935.106;36122000
13/08/2019;25.360.001;26.129.999;25.230.000;25.790.001;25.268.229;45330500
14/08/2019;25.260.000;25.379.999;24.780.001;24.920.000;24.415.829;54401100
15/08/2019;24.990.000;25.000.000;24.139.999;24.230.000;23.739.790;53894500
16/08/2019;24.719.999;24.770.000;23.889.999;23.910.000;23.426.264;56782000
19/08/2019;24.299.999;24.500.000;23.850.000;24.030.001;23.543.837;50699300
20/08/2019;23.910.000;24.190.001;23.680.000;24.020.000;23.534.037;37141700
21/08/2019;24.350.000;25.990.000;24.180.000;25.450.001;24.935.106;87840800
22/08/2019;25.500.000;25.719.999;25.160.000;25.219.999;24.709.759;40808800
23/08/2019;24.780.001;25.370.001;24.230.000;24.280.001;23.788.776;58032300
26/08/2019;24.580.000;24.680.000;23.770.000;23.959.999;23.475.248;39688800
27/08/2019;24.170.000;24.820.000;23.809.999;24.340.000;23.847.563;70475200
28/08/2019;24.200.001;24.700.001;24.120.001;24.590.000;24.092.506;41981500
29/08/2019;24.900.000;25.500.000;24.680.000;25.500.000;24.984.093;61008800
30/08/2019;25.530.001;25.690.001;25.170.000;25.500.000;24.984.093;54958200
02/09/2019;25.389.999;25.580.000;25.250.000;25.299.999;24.788.139;19049900
03/09/2019;25.110.001;25.660.000;25.030.001;25.600.000;25.082.069;47829600
04/09/2019;26.160.000;26.370.001;26.000.000;26.260.000;25.728.718;56179000
05/09/2019;26.600.000;26.790.001;26.340.000;26.389.999;25.856.085;48586800
06/09/2019;26.400.000;26.860.001;26.200.001;26.520.000;25.983.459;48502200
09/09/2019;26.750.000;27.020.000;26.700.001;26.930.000;26.385.164;37303000
10/09/2019;27.049.999;27.350.000;26.780.001;27.100.000;26.551.723;44109400
11/09/2019;27.350.000;27.350.000;26.830.000;26.870.001;26.326.378;51540400
12/09/2019;26.860.001;27.139.999;26.639.999;27.059.999;26.512.533;41028300
13/09/2019;27.120.001;27.200.001;26.820.000;26.879.999;26.336.174;24709400
16/09/2019;28.120.001;28.240.000;27.690.001;28.059.999;27.492.300;167634600
17/09/2019;27.660.000;27.750.000;27.160.000;27.690.001;27.129.787;67414800
18/09/2019;27.370.001;27.490.000;27.219.999;27.219.999;26.669.296;40567100
19/09/2019;27.830.000;27.850.000;27.219.999;27.290.001;26.737.881;42155100
20/09/2019;27.350.000;27.430.000;27.000.000;27.000.000;26.453.749;51946900
23/09/2019;27.000.000;27.490.000;26.920.000;27.480.000;26.924.036;32643100
24/09/2019;27.420.000;27.540.001;27.150.000;27.270.000;26.718.285;36643400
25/09/2019;27.030.001;27.350.000;26.780.001;27.340.000;26.786.869;29038400
26/09/2019;27.400.000;27.700.001;27.230.000;27.700.001;27.139.587;33705900
27/09/2019;27.549.999;27.950.001;27.520.000;27.660.000;27.100.395;31886800
30/09/2019;27.559.999;27.639.999;27.400.000;27.549.999;26.992.620;23143400
01/10/2019;27.600.000;27.730.000;27.360.001;27.510.000;26.953.430;32423200
02/10/2019;27.219.999;27.260.000;26.610.001;26.719.999;26.179.413;51261200
03/10/2019;26.750.000;26.809.999;26.280.001;26.740.000;26.199.007;46076300
04/10/2019;26.850.000;26.920.000;26.270.000;26.510.000;25.973.661;47951600
07/10/2019;26.370.001;26.600.000;26.100.000;26.170.000;25.640.537;26252500
08/10/2019;26.170.000;26.440.001;25.950.001;26.020.000;25.493.576;30418900
09/10/2019;26.350.000;26.709.999;26.150.000;26.520.000;25.983.459;35141400
10/10/2019;26.590.000;26.879.999;26.540.001;26.740.000;26.199.007;31056500
11/10/2019;26.930.000;27.360.001;26.930.000;27.260.000;26.708.487;37055300
14/10/2019;27.040.001;27.330.000;26.940.001;27.309.999;26.757.477;20809900
15/10/2019;27.309.999;27.879.999;27.309.999;27.600.000;27.041.609;30455300
16/10/2019;27.549.999;27.969.999;27.360.001;27.930.000;27.364.931;31381300
17/10/2019;27.930.000;28.000.000;27.590.000;27.660.000;27.100.395;31405400
18/10/2019;27.889.999;27.990.000;27.600.000;27.600.000;27.041.609;36070900
21/10/2019;27.750.000;27.809.999;27.600.000;27.770.000;27.208.170;43337700
22/10/2019;27.799.999;28.680.000;27.770.000;28.570.000;27.991.983;64228700
23/10/2019;28.530.001;29.080.000;28.450.001;28.950.001;28.364.298;45930600
24/10/2019;29.150.000;29.250.000;28.230.000;28.320.000;27.747.042;60529900
25/10/2019;29.200.001;29.549.999;29.010.000;29.250.000;28.658.224;74476900
28/10/2019;29.219.999;29.660.000;29.120.001;29.600.000;29.001.146;37461800
29/10/2019;29.400.000;29.940.001;29.260.000;29.820.000;29.216.694;49994200
30/10/2019;29.770.000;30.090.000;29.469.999;30.080.000;29.471.434;63001200
31/10/2019;29.860.001;30.459.999;29.639.999;30.389.999;29.775.162;67070400
01/11/2019;30.590.000;31.230.000;29.840.000;30.430.000;29.814.350;101210200
04/11/2019;30.889.999;31.219.999;29.959.999;30.360.001;29.745.768;81023400
05/11/2019;30.410.000;30.600.000;29.580.000;29.650.000;29.050.133;92980900
06/11/2019;30.049.999;30.700.001;28.100.000;29.709.999;29.108.919;154003100
07/11/2019;30.000.000;31.070.000;29.540.001;30.900.000;30.274.843;96329000
08/11/2019;30.450.001;30.790.001;29.930.000;30.020.000;29.412.649;61567700
11/11/2019;29.850.000;30.450.001;29.790.001;30.450.001;29.833.948;30570500
12/11/2019;30.040.001;30.610.001;30.010.000;30.020.000;29.608.017;41655600
13/11/2019;29.950.001;30.129.999;29.610.001;29.900.000;29.489.664;41827700
14/11/2019;29.879.999;30.100.000;29.270.000;29.299.999;28.897.898;44595200
18/11/2019;29.700.001;29.850.000;29.070.000;29.080.000;28.680.916;54468100
19/11/2019;29.250.000;29.490.000;28.730.000;28.780.001;28.385.035;33740200
21/11/2019;28.930.000;29.850.000;28.879.999;29.850.000;29.440.350;53033100
22/11/2019;29.760.000;30.340.000;29.559.999;29.980.000;29.568.565;34786000
25/11/2019;29.920.000;30.100.000;29.629.999;29.730.000;29.321.997;29868400
26/11/2019;29.620.001;29.730.000;29.100.000;29.190.001;28.789.408;54147800
27/11/2019;29.350.000;29.650.000;29.139.999;29.330.000;28.927.486;33072500
28/11/2019;29.320.000;29.540.001;28.809.999;29.530.001;29.124.743;46602800
29/11/2019;29.490.000;29.559.999;29.010.000;29.150.000;28.749.958;37699000
02/12/2019;29.400.000;29.500.000;29.070.000;29.070.000;28.671.053;31353600
03/12/2019;29.170.000;29.190.001;28.730.000;28.980.000;28.582.287;29194000
04/12/2019;29.260.000;29.660.000;29.110.001;29.660.000;29.252.956;44960000
05/12/2019;29.639.999;30.389.999;29.520.000;30.049.999;29.637.604;50447000
06/12/2019;30.150.000;30.590.000;30.129.999;30.350.000;29.933.489;44348600
09/12/2019;30.299.999;30.480.000;30.120.001;30.209.999;29.795.410;34694100
10/12/2019;30.100.000;30.440.001;29.900.000;30.440.001;30.022.253;27532700
11/12/2019;30.510.000;30.709.999;30.260.000;30.400.000;29.982.803;38458300
12/12/2019;30.639.999;31.049.999;30.480.000;30.969.999;30.544.981;47797800
13/12/2019;30.889.999;30.969.999;29.870.001;29.980.000;29.568.565;105004400
16/12/2019;30.049.999;30.170.000;29.410.000;29.410.000;29.006.388;68871000
17/12/2019;29.639.999;29.900.000;29.430.000;29.850.000;29.440.350;40679900
18/12/2019;29.750.000;30.570.000;29.700.001;30.540.001;30.120.882;64201600
19/12/2019;30.450.001;30.750.000;30.420.000;30.610.001;30.189.920;39696000
20/12/2019;30.600.000;30.600.000;30.020.000;30.260.000;29.844.723;93064900
23/12/2019;30.190.001;30.500.000;30.030.001;30.500.000;30.081.429;21970200
26/12/2019;30.590.000;30.930.000;30.500.000;30.910.000;30.485.802;24810500
27/12/2019;30.690.001;30.920.000;30.290.001;30.520.000;30.517.742;24995100
30/12/2019;30.549.999;30.709.999;30.150.000;30.180.000;30.177.769;22111600
02/01/2020;30.510.000;30.700.001;30.309.999;30.700.001;30.697.731;37774500
03/01/2020;30.879.999;31.240.000;30.450.001;30.450.001;30.447.748;71595600
06/01/2020;30.430.000;30.940.001;29.950.001;30.809.999;30.807.720;81844000
07/01/2020;30.820.000;30.879.999;30.469.999;30.690.001;30.687.731;32822000
08/01/2020;30.690.001;30.770.000;30.240.000;30.500.000;30.497.744;48215600
09/01/2020;30.469.999;30.620.001;30.250.000;30.400.000;30.397.753;36102700
10/01/2020;30.389.999;30.440.001;30.129.999;30.270.000;30.267.761;25397500
13/01/2020;30.350.000;30.430.000;30.209.999;30.330.000;30.327.757;30676800
14/01/2020;30.230.000;30.270.000;29.770.000;30.000.000;29.997.782;39796500
15/01/2020;29.900.000;29.930.000;29.540.001;29.549.999;29.547.813;34405700
16/01/2020;29.600.000;29.700.001;29.330.000;29.520.000;29.517.817;28997400
17/01/2020;29.719.999;29.850.000;29.540.001;29.850.000;29.847.792;34908000
20/01/2020;29.700.001;30.100.000;29.650.000;30.000.000;29.997.782;31241400
21/01/2020;29.799.999;29.940.001;29.549.999;29.620.001;29.617.809;28577400
22/01/2020;29.730.000;29.809.999;29.270.000;29.290.001;29.287.834;32491500
23/01/2020;29.090.000;29.760.000;28.820.000;29.650.000;29.647.806;53752100
24/01/2020;29.559.999;29.780.001;29.139.999;29.299.999;29.297.832;36898700
27/01/2020;28.629.999;28.639.999;27.670.000;28.030.001;28.027.927;66105300
28/01/2020;28.430.000;29.139.999;28.420.000;28.799.999;28.797.869;47259100
29/01/2020;29.000.000;29.080.000;28.670.000;28.850.000;28.847.866;42297500
30/01/2020;28.280.001;29.040.001;28.180.000;28.940.001;28.937.860;44266800
31/01/2020;28.629.999;28.840.000;28.309.999;28.450.001;28.447.897;55446700
03/02/2020;28.520.000;28.730.000;28.160.000;28.180.000;28.177.917;39452800
04/02/2020;28.650.000;29.040.001;28.559.999;28.629.999;28.627.880;57658400
05/02/2020;29.049.999;29.219.999;28.389.999;28.389.999;28.387.901;67994500
06/02/2020;28.700.001;29.510.000;28.120.001;29.180.000;29.177.841;126114000
07/02/2020;29.000.000;29.350.000;28.730.000;28.930.000;28.927.860;54514600
10/02/2020;28.889.999;29.129.999;28.639.999;29.129.999;29.127.844;45328100
11/02/2020;29.400.000;29.629.999;29.260.000;29.480.000;29.477.818;37518200
12/02/2020;29.639.999;30.280.001;29.629.999;30.129.999;30.127.769;64851000
13/02/2020;29.770.000;30.209.999;29.639.999;29.719.999;29.717.802;55277100
14/02/2020;29.860.001;29.959.999;29.340.000;29.420.000;29.417.824;30399900
17/02/2020;29.629.999;29.770.000;29.309.999;29.360.001;29.357.828;38684900
18/02/2020;29.059.999;29.770.000;28.950.001;29.750.000;29.747.799;33890900
19/02/2020;29.870.001;30.549.999;29.760.000;30.549.999;30.547.739;44181800
20/02/2020;30.799.999;30.889.999;29.750.000;29.920.000;29.917.788;73522900
21/02/2020;29.510.000;29.680.000;29.030.001;29.139.999;29.137.844;47805100
26/02/2020;null;null;null;null;null;null
27/02/2020;25.719.999;26.530.001;24.889.999;25.299.999;25.298.128;100112100
28/02/2020;25.160.000;25.559.999;24.620.001;25.340.000;25.338.125;89095300
02/03/2020;25.500.000;26.750.000;25.480.000;26.530.001;26.528.038;71596400
03/03/2020;26.570.000;27.480.000;25.760.000;26.049.999;26.048.073;86855700
04/03/2020;26.910.000;26.940.001;26.240.000;26.889.999;26.888.010;42320500
05/03/2020;26.330.000;26.670.000;24.709.999;25.290.001;25.288.130;69722300
06/03/2020;24.100.000;24.129.999;22.549.999;22.830.000;22.828.310;138597600
09/03/2020;17.809.999;18.230.000;15.410.000;16.049.999;16.048.811;254813800
10/03/2020;18.650.000;18.650.000;16.370.001;17.559.999;17.558.701;170478000
11/03/2020;16.700.001;17.129.999;15.000.000;15.850.000;15.848.827;132482400
12/03/2020;13.660.000;13.860.000;11.080.000;12.600.000;12.599.069;151535900
13/03/2020;15.100.000;15.400.000;12.700.000;15.400.000;15.398.860;174972600
16/03/2020;12.910.000;14.100.000;12.550.000;13.090.000;13.089.032;126432800
17/03/2020;13.600.000;13.840.000;13.000.000;13.000.000;12.999.038;149228500
18/03/2020;11.790.000;12.270.000;10.870.000;11.290.000;11.289.165;162515200
19/03/2020;11.070.000;13.070.000;10.850.000;12.210.000;12.209.097;157065200
20/03/2020;13.110.000;13.500.000;11.830.000;12.000.000;11.999.112;149029900
23/03/2020;12.110.000;12.180.000;11.280.000;11.500.000;11.499.150;107092400
24/03/2020;12.570.000;13.540.000;12.280.000;13.250.000;13.249.020;114259200
25/03/2020;13.240.000;14.790.000;12.830.000;14.320.000;14.318.940;158286200
26/03/2020;14.400.000;15.190.000;13.810.000;14.390.000;14.388.936;130618400
27/03/2020;13.300.000;13.690.000;13.250.000;13.300.000;13.299.016;101405900
30/03/2020;13.150.000;13.740.000;12.830.000;13.380.000;13.379.011;110947200
31/03/2020;13.600.000;14.540.000;13.600.000;13.990.000;13.988.966;156116500
01/04/2020;13.450.000;14.550.000;13.320.000;14.300.000;14.298.943;114455000
02/04/2020;15.400.000;16.549.999;15.010.000;15.510.000;15.508.853;234951200
03/04/2020;16.299.999;16.360.001;14.930.000;15.340.000;15.338.866;142898700
06/04/2020;16.049.999;16.100.000;15.180.000;15.770.000;15.768.834;123934200
07/04/2020;16.610.001;17.070.000;16.340.000;16.400.000;16.398.785;140498900
08/04/2020;16.500.000;17.530.001;16.400.000;17.320.000;17.318.718;116151600
09/04/2020;17.940.001;18.690.001;16.500.000;16.820.000;16.818.754;185771300
13/04/2020;16.820.000;17.090.000;16.330.000;16.930.000;16.928.749;93724000
14/04/2020;17.020.000;17.299.999;16.610.001;16.730.000;16.728.764;91017200
15/04/2020;16.040.001;16.469.999;15.860.000;16.379.999;16.378.790;86749600
16/04/2020;16.670.000;16.760.000;15.530.000;15.720.000;15.718.838;115633300
17/04/2020;15.750.000;16.129.999;15.560.000;16.129.999;16.128.805;116733000
20/04/2020;15.480.000;16.330.000;15.340.000;15.950.000;15.948.819;133739400
22/04/2020;15.850.000;16.750.000;15.780.000;16.750.000;16.748.760;114967100
23/04/2020;17.200.001;17.430.000;16.620.001;16.950.001;16.949.202;94759000
24/04/2020;16.690.001;16.790.001;15.280.000;15.950.000;15.949.247;161188800
27/04/2020;16.139.999;16.530.001;15.780.000;16.450.001;16.449.226;85944900
28/04/2020;17.040.001;17.250.000;16.629.999;17.250.000;17.249.657;91613600
29/04/2020;17.799.999;18.480.000;17.530.001;18.200.001;18.199.640;94528400
30/04/2020;17.980.000;18.420.000;17.700.001;18.049.999;18.049.641;80263900
04/05/2020;17.430.000;17.620.001;17.180.000;17.379.999;17.379.654;60268400
05/05/2020;17.900.000;18.480.000;17.870.001;17.940.001;17.939.644;75043400
06/05/2020;17.870.001;18.059.999;17.280.001;17.280.001;17.279.657;67937500
07/05/2020;17.750.000;17.870.001;17.350.000;17.440.001;17.439.655;81265100
08/05/2020;17.740.000;18.580.000;17.709.999;18.480.000;18.479.633;83232700
11/05/2020;18.299.999;18.930.000;18.110.001;18.150.000;18.149.639;65061500
12/05/2020;18.530.001;18.830.000;18.129.999;18.139.999;18.139.639;71837200
13/05/2020;18.260.000;18.350.000;17.520.000;17.590.000;17.589.651;87222300
14/05/2020;17.400.000;17.469.999;16.719.999;17.400.000;17.399.654;119653200
15/05/2020;17.990.000;18.190.001;17.150.000;17.150.000;17.149.660;133733100
18/05/2020;18.100.000;18.540.001;17.920.000;18.540.001;18.539.633;116999500
19/05/2020;18.510.000;18.930.000;18.410.000;18.680.000;18.679.630;80131600
20/05/2020;19.090.000;19.440.001;19.059.999;19.299.999;19.299.616;74595100
21/05/2020;19.500.000;19.770.000;19.070.000;19.190.001;19.189.619;81327000
22/05/2020;18.799.999;18.900.000;18.350.000;18.670.000;18.669.630;71259400
25/05/2020;19.480.000;19.559.999;19.260.000;19.480.000;19.479.612;38033000
26/05/2020;19.980.000;20.090.000;19.330.000;19.670.000;19.669.609;68716900
27/05/2020;19.799.999;19.930.000;19.150.000;19.930.000;19.929.605;74790800
28/05/2020;19.690.001;20.080.000;19.450.001;19.770.000;19.769.608;65023000
29/05/2020;19.549.999;20.340.000;19.299.999;20.340.000;20.339.596;128832600
01/06/2020;20.150.000;20.559.999;20.000.000;20.330.000;20.329.596;86579500
02/06/2020;20.750.000;21.400.000;20.600.000;21.400.000;21.399.574;77235100
03/06/2020;21.860.001;21.910.000;21.410.000;21.469.999;21.469.574;86219700
04/06/2020;21.389.999;21.780.001;21.040.001;21.430.000;21.429.575;107401400
05/06/2020;22.290.001;23.030.001;22.059.999;22.100.000;22.099.562;114137700
08/06/2020;22.549.999;22.590.000;22.010.000;22.530.001;22.529.554;82444400
09/06/2020;22.030.001;22.040.001;21.639.999;21.719.999;21.719.568;96488300
10/06/2020;21.889.999;21.900.000;21.000.000;21.400.000;21.399.574;102551100
12/06/2020;20.620.001;21.170.000;20.100.000;20.600.000;20.599.592;116746700
15/06/2020;19.809.999;21.090.000;19.540.001;20.700.001;20.699.591;99931000
16/06/2020;21.559.999;21.910.000;21.170.000;21.370.001;21.369.577;94510600
17/06/2020;21.480.000;21.850.000;21.150.000;21.440.001;21.439.575;63268700
18/06/2020;21.180.000;21.770.000;21.080.000;21.600.000;21.599.571;56893300
19/06/2020;22.000.000;22.219.999;21.219.999;21.469.999;21.469.574;91139800
22/06/2020;21.600.000;21.600.000;20.900.000;20.950.001;20.949.585;45419000
23/06/2020;21.219.999;22.070.000;21.139.999;21.650.000;21.649.570;78950900
24/06/2020;21.490.000;21.559.999;20.709.999;21.000.000;20.999.582;65162400
25/06/2020;20.910.000;21.469.999;20.730.000;21.469.999;21.469.574;47263500
26/06/2020;21.209.999;21.469.999;20.780.001;20.840.000;20.839.586;55499300
29/06/2020;21.100.000;21.660.000;20.930.000;21.660.000;21.659.571;59809600
30/06/2020;21.340.000;21.799.999;21.090.000;21.549.999;21.549.572;65010600
01/07/2020;21.750.000;22.250.000;21.520.000;21.709.999;21.709.568;78983900
02/07/2020;22.100.000;22.209.999;21.860.001;22.059.999;22.059.561;56345900
03/07/2020;21.950.001;22.180.000;21.799.999;21.980.000;21.979.563;24060000
06/07/2020;22.389.999;22.860.001;22.309.999;22.510.000;22.509.554;58070900
07/07/2020;22.340.000;22.469.999;22.139.999;22.230.000;22.229.559;46591300
08/07/2020;22.450.001;22.760.000;22.400.000;22.650.000;22.649.549;49136300
09/07/2020;22.780.001;22.809.999;22.059.999;22.139.999;22.139.561;57151500
10/07/2020;22.190.001;22.650.000;22.059.999;22.510.000;22.509.554;57428300
13/07/2020;22.610.001;22.650.000;22.160.000;22.160.000;22.159.559;55425500
14/07/2020;22.129.999;22.959.999;21.860.001;22.900.000;22.899.546;89380500
15/07/2020;23.200.001;23.430.000;22.850.000;23.340.000;23.339.537;58390600
16/07/2020;23.160.000;23.280.001;22.520.000;22.719.999;22.719.549;69698700
17/07/2020;22.830.000;23.030.001;22.580.000;22.740.000;22.739.548;49927600
20/07/2020;22.700.001;22.910.000;22.520.000;22.740.000;22.739.548;48679800
21/07/2020;23.150.000;23.600.000;23.139.999;23.370.001;23.369.537;101769600
22/07/2020;23.299.999;23.410.000;23.010.000;23.049.999;23.049.541;43085500
23/07/2020;23.160.000;23.230.000;22.540.001;22.570.000;22.570.000;64072100
24/07/2020;22.540.001;23.059.999;22.420.000;22.730.000;22.730.000;43380300
27/07/2020;22.870.001;23.250.000;22.450.001;23.200.001;23.200.001;56539600
28/07/2020;23.040.001;23.320.000;22.799.999;22.799.999;22.799.999;48353000
29/07/2020;23.030.001;23.250.000;22.920.000;23.170.000;23.170.000;44011500
30/07/2020;22.920.000;22.920.000;22.500.000;22.820.000;22.820.000;57859000
31/07/2020;22.920.000;23.139.999;22.160.000;22.200.001;22.200.001;75397300
03/08/2020;22.540.001;22.549.999;21.719.999;21.799.999;21.799.999;63598500
04/08/2020;21.459.999;22.049.999;21.250.000;21.780.001;21.780.001;63011900
05/08/2020;22.230.000;23.280.001;22.230.000;23.180.000;23.180.000;137214700
06/08/2020;23.280.001;23.530.001;23.010.000;23.219.999;23.219.999;56375100
07/08/2020;22.860.001;22.910.000;22.549.999;22.790.001;22.790.001;56040200
10/08/2020;22.900.000;23.450.001;22.639.999;23.450.001;23.450.001;52390100
11/08/2020;23.709.999;23.879.999;23.059.999;23.080.000;23.080.000;66342300
12/08/2020;23.360.001;23.680.000;23.080.000;23.480.000;23.480.000;67008500
13/08/2020;23.450.001;23.580.000;22.709.999;22.840.000;22.840.000;44588200
14/08/2020;22.770.000;22.980.000;22.530.001;22.670.000;22.670.000;38422000
17/08/2020;22.680.000;22.840.000;22.150.000;22.600.000;22.600.000;52064300
18/08/2020;22.930.000;23.240.000;22.770.000;23.020.000;23.020.000;49361300
19/08/2020;22.950.001;23.320.000;22.750.000;22.889.999;22.889.999;51982100
20/08/2020;22.520.000;22.870.001;22.350.000;22.730.000;22.730.000;55251700
21/08/2020;22.540.001;22.629.999;22.350.000;22.559.999;22.559.999;38668300
24/08/2020;22.860.001;23.129.999;22.799.999;22.969.999;22.969.999;51841900
25/08/2020;23.090.000;23.150.000;22.690.001;22.870.001;22.870.001;37981400
26/08/2020;22.780.001;22.900.000;22.040.001;22.219.999;22.219.999;69925300
27/08/2020;22.320.000;22.469.999;22.040.001;22.150.000;22.150.000;35489800
28/08/2020;22.250.000;22.540.001;22.059.999;22.540.001;22.540.001;31071000
31/08/2020;22.320.000;22.430.000;21.889.999;21.889.999;21.889.999;48539700
01/09/2020;22.200.001;22.889.999;22.120.001;22.870.001;22.870.001;66299700
02/09/2020;22.930.000;23.100.000;22.520.000;22.799.999;22.799.999;53618000
03/09/2020;22.610.001;23.120.001;22.570.000;22.879.999;22.879.999;87642400
04/09/2020;23.000.000;23.030.001;22.580.000;22.920.000;22.920.000;52351100
08/09/2020;22.500.000;22.500.000;21.910.000;22.260.000;22.260.000;74490200
09/09/2020;22.490.000;22.770.000;22.490.000;22.730.000;22.730.000;42143500
10/09/2020;22.580.000;22.580.000;22.110.001;22.120.001;22.120.001;58350000
11/09/2020;22.120.001;22.260.000;21.750.000;21.879.999;21.879.999;71013700
14/09/2020;21.940.001;21.980.000;21.430.000;21.680.000;21.680.000;46453300
15/09/2020;21.980.000;22.080.000;21.549.999;21.670.000;21.670.000;58546700
16/09/2020;21.850.000;21.990.000;21.600.000;21.730.000;21.730.000;50379500
17/09/2020;21.510.000;22.170.000;21.459.999;22.150.000;22.150.000;60432200
18/09/2020;21.990.000;22.150.000;21.549.999;21.650.000;21.650.000;64243500
21/09/2020;21.290.001;21.459.999;20.809.999;20.900.000;20.900.000;73300000
22/09/2020;20.959.999;21.350.000;20.750.000;20.799.999;20.799.999;47207700
23/09/2020;20.799.999;20.959.999;20.200.001;20.230.000;20.230.000;57106300
24/09/2020;20.240.000;20.709.999;20.059.999;20.400.000;20.400.000;76310000
25/09/2020;20.150.000;20.260.000;19.870.001;20.129.999;20.129.999;40150400
28/09/2020;20.330.000;20.559.999;19.629.999;19.629.999;19.629.999;48797400
29/09/2020;19.629.999;19.860.001;19.250.000;19.309.999;19.309.999;52878100
30/09/2020;19.500.000;20.040.001;19.430.000;19.610.001;19.610.001;69505000
01/10/2020;19.639.999;20.059.999;19.129.999;19.850.000;19.850.000;77537300
02/10/2020;19.730.000;19.740.000;19.020.000;19.020.000;19.020.000;85306000
05/10/2020;19.360.001;20.160.000;19.240.000;20.030.001;20.030.001;73288500
06/10/2020;20.469.999;20.700.001;19.930.000;19.930.000;19.930.000;77064600
07/10/2020;20.000.000;20.049.999;19.559.999;19.790.001;19.790.001;53521000
08/10/2020;20.040.001;20.590.000;19.860.001;20.440.001;20.440.001;78070400
09/10/2020;20.340.000;20.389.999;19.799.999;19.799.999;19.799.999;67962300
13/10/2020;19.910.000;20.129.999;19.730.000;20.129.999;20.129.999;55330600
14/10/2020;20.090.000;20.370.001;19.969.999;19.969.999;19.969.999;44584300
15/10/2020;19.620.001;19.770.000;19.440.001;19.750.000;19.750.000;56952100
16/10/2020;19.670.000;19.709.999;19.320.000;19.340.000;19.340.000;43543900
19/10/2020;19.410.000;19.940.001;19.250.000;19.520.000;19.520.000;107419300
20/10/2020;19.670.000;20.270.000;19.590.000;20.180.000;20.180.000;68407700
21/10/2020;20.160.000;20.330.000;19.830.000;20.160.000;20.160.000;60594900
22/10/2020;20.100.000;20.840.000;20.049.999;20.840.000;20.840.000;98926900
23/10/2020;20.940.001;21.139.999;20.540.001;20.570.000;20.570.000;61711200
